"course_id","tee_name","tee_length","tee_par","tee_rating","tee_slope"
1,"White",6611,73,0,0
1,"Yellow",6341,73,0,0
1,"Grey (W)",5986,74,0,0
2,"middle",6465,72,"",""
2,"forward",5410,72,"",""
3,"White",6327,70,71,128
3,"Yellow",6040,70,69.3,124
3,"Red (W)",5596,73,72.9,129
4,"White",6098,71,0,0
4,"Yellow",5792,71,0,0
4,"Grey (W)",5434,73,0,0
5,"White",6855,72,0,0
5,"Yellow",6139,70,0,0
5,"Red (W)",5590,72,0,0
6,"White",6804,72,0,0
6,"Yellow",6274,72,0,0
6,"Red (W)",5501,72,0,0
7,"White",6406,72,0,0
7,"Yellow",6107,72,0,0
7,"Red",5510,72,0,0
8,"White",6273,70,70.5,123
8,"Yellow",5942,70,68.6,116
8,"Red (W)",5471,72,72.1,124
9,"Blue",7107,73,74.6,133
9,"White",6810,73,73.5,128
9,"Yellow",6544,73,72.3,122
9,"Red",6143,73,70,119
9,"Red (W)",6143,73,76.3,130
10,"White",6371,72,0,0
10,"Yellow",5939,72,0,0
10,"Red (W)",5577,73,0,0
11,"White",471,27,0,0
12,"White",6035,70,0,0
12,"Yellow",5798,70,0,0
12,"Red (W)",5639,72,0,0
13,"White",6210,70,70.5,126
13,"Yellow",5773,69,68.4,119
13,"Red (W)",5515,73,72.6,129
14,"White",6314,70,70.5,125
14,"Yellow",6006,70,68.9,121
14,"Red",5574,72,72.3,127
15,"White (18-holes)",6088,70,0,0
15,"Yellow (18-holes)",5828,70,0,0
15,"Red (W) (18-holes)",5340,70,0,0
16,"Orange (18-hole)",4066,64,60.8,98
16,"Orange (18-hole) (W)",4066,64,63.8,106
16,"Green (18-hole)",3916,64,60.6,96
16,"Green (18-hole) (W)",3916,64,62.6,101
16,"Purple (18-hole)",3712,64,59.8,95
16,"Purple (18-hole) (W)",3712,64,61.4,101
18,"White",6224,70,68.7,117
18,"Yellow",6088,70,68,115
18,"Red (W)",5754,71,69.2,117
19,"White (18-hole)",5850,69,68.6,118
19,"Yellow (18-hole)",5523,69,66.8,117
19,"Red (18-hole)",5085,67,64.8,108
19,"Red (18-hole) (W)",5085,71,69.8,118
20,"White",6329,70,0,0
20,"Yellow",5991,70,0,0
20,"Red (W)",5472,72,0,0
21,"White",6232,70,0,0
21,"Yellow",5982,70,0,0
21,"Red (W)",5425,70,0,0
22,"White",6240,69,70.8,125
22,"Yellow",6050,69,69.6,122
22,"Red (W)",5398,71,71.9,128
23,"White",1268,27,0,0
23,"Yellow",1131,27,0,0
23,"Red (W)",1080,27,0,0
24,"White",6946,73,0,0
24,"Yellow",6556,73,0,0
24,"Ladies",5613,73,0,0
25,"Green",1072,27,0,0
27,"White",6036,69,70.1,123
27,"Yellow",5856,69,69,121
27,"Yellow (W)",5856,72,74.8,131
27,"Red",5636,69,67.8,124
27,"Red (W)",5636,72,73.3,127
28,"White",6243,69,70.9,130
28,"Yellow",5965,69,69.7,126
28,"Yellow (W)",5965,72,75.3,134
28,"Red",5594,68,68,118
28,"Red (W)",5594,72,72.9,130
29,"White",6053,69,69,116
29,"Yellow",5770,69,67.4,115
29,"Red (W)",5404,71,70.7,122
30,"White",1895,54,0,0
32,"White",5872,70,67.2,113
32,"Yellow",5634,70,66.5,109
32,"Red (W)",5117,70,65.1,109
33,"White",6050,71,0,0
33,"Yellow",5726,71,0,0
33,"Ladies",5243,71,0,0
33,"Junior",3593,71,0,0
34,"White",1027,27,0,0
35,"White",6091,71,70,129
35,"Yellow",5746,71,68.2,126
35,"Red (W)",5470,72,72.4,130
35,"Blue (W)",5206,72,70.7,127
36,"White (W)",5388,70,71.7,127
36,"White",5388,66,66.9,121
36,"Yellow",5222,66,66,118
36,"Yellow (W)",5222,70,70.5,127
36,"Red",4922,68,65.2,107
36,"Red (W)",4922,72,68.7,127
37,"White (18-hole)",5453,68,68.3,127
37,"Yellow (18-hole)",5146,68,66.3,125
37,"Red (18-hole)",4834,68,64.5,123
37,"Red (18-hole) (W)",4834,68,69.6,127
37,"Bronze (18-hole)",4810,70,69.9,127
38,"White",2268,34,0,0
38,"Yellow",2185,34,0,0
38,"Red (W)",2094,34,0,0
40,"White",6365,70,71.1,132
40,"White (W)",6365,75,77.2,139
40,"Yellow",6157,70,69.8,127
40,"Yellow (W)",6157,75,76.1,136
40,"Red (W)",5720,73,73.6,132
40,"Red",5720,70,67.8,122
40,"Blue",4398,65,62,111
40,"Blue (W)",4398,68,65.7,116
41,"Blue",6523,71,71.9,133
41,"White",6051,71,69.5,132
41,"Gold",5619,71,67.1,123
41,"Red",5031,71,68.4,120
42,"White",6261,71,70.6,124
42,"Yellow",5943,71,69.1,122
42,"Yellow (W)",5943,71,74.8,133
42,"Red",5236,71,65.9,110
42,"Red (W)",5236,71,71.5,121
43,"White",6499,72,71.9,126
43,"Yellow",6097,72,70,120
43,"Yellow (W)",6097,72,75.8,137
43,"Red",5576,68,67.1,116
43,"Red (W)",5576,73,73.1,128
44,"White",2329,33,0,0
44,"Yellow",2250,33,0,0
44,"Red (W)",2174,33,0,0
45,"White",6321,71,0,0
45,"Yellow",6062,71,0,0
45,"Red (W)",5756,76,0,0
46,"White",6164,70,0,0
46,"Yellow",5763,69,0,0
46,"Red (W)",5468,73,0,0
47,"White",865,27,0,0
48,"White",6671,73,0,0
48,"Yellow",6192,73,0,0
48,"Red (W)",5608,74,0,0
49,"White",6254,70,70.1,132
49,"Yellow (W)",5946,72,75,134
49,"Yellow",5946,70,68.7,127
49,"Red (W)",5474,72,72,129
49,"Red",5474,70,66.5,121
50,"White",6560,71,71.5,129
50,"Yellow",6288,71,70.2,130
50,"Red (W)",5530,72,72.4,124
52,"Red",2517,32,0,0
52,"Black",2239,32,0,0
52,"Blue",1954,32,0,0
53,"White",6630,72,0,0
53,"Yellow",6322,72,0,0
53,"Red (W)",5769,72,0,0
54,"White",6455,71,72,131
54,"Yellow",6167,71,70.5,132
54,"Red (W)",5692,73,73.9,140
54,"Red",5692,71,68.7,129
55,"White",6281,71,71.5,141
55,"Yellow",5990,71,70.1,137
55,"Red",5236,71,66.2,127
55,"Red (W)",5236,71,72.1,136
55,"Blue (W)",4834,71,65.9,107
56,"Black",6714,72,73.5,132
56,"White",6580,72,72.7,132
56,"Yellow",6414,72,71.9,130
56,"Red (W)",5692,73,73.9,127
56,"Red",5692,68,68,121
57,"White",6529,72,0,0
57,"Yellow",6120,72,0,0
57,"Red (W)",5097,73,0,0
58,"White",6260,70,71,125
58,"Yellow",6055,70,70.2,124
58,"Red",5408,69,66.7,117
58,"Red (W)",5408,73,72.3,130
58,"Blue",5391,71,65.1,109
58,"Blue (W)",5391,71,67.6,116
60,"White",6413,71,70.8,136
60,"Yellow",6197,71,69.8,133
60,"Yellow (W)",6197,73,76.5,137
60,"Red",5559,71,66.7,124
60,"Red (W)",5559,72,72.3,128
61,"White",6261,71,71.2,131
61,"Yellow",6087,71,70.3,130
61,"Blue",5823,70,68.7,126
61,"Red (W)",5454,72,72.3,127
62,"Blue",6517,71,72.3,134
62,"White",6448,71,71.9,131
62,"Yellow",6218,71,71,130
62,"Red (W)",5599,73,73.4,133
62,"Red",5599,71,68,119
64,"White",5740,70,0,0
64,"Yellow",5592,70,0,0
64,"Red (W)",5454,71,0,0
65,"White",5921,70,0,0
65,"Yellow",5270,66,0,0
65,"Red (W)",5137,70,0,0
67,"White",6285,70,0,0
67,"Red (W)",5270,71,0,0
68,"White",6313,70,0,0
68,"Yellow",5965,70,0,0
69,"White",6702,72,0,0
69,"Yellow",6339,72,0,0
69,"Red (W)",5640,73,0,0
70,"Blue",6639,72,72.7,139
70,"White",6433,72,71.7,130
70,"Yellow",6201,72,70.8,128
70,"Red (W)",5808,74,74.7,139
70,"Red",5808,68,68.4,127
71,"White",6319,71,72.1,139
71,"Yellow",6106,71,71.1,133
71,"Red",5512,68,67.8,127
71,"Blue",4234,63,62.6,109
72,"White",5994,71,70.4,137
72,"Yellow",5755,71,69.2,133
72,"Red (W)",5326,73,72.3,134
72,"Blue",4684,71,64.4,116
72,"Blue (W)",4684,71,68.5,122
74,"White",6128,70,0,0
74,"Yellow",5825,70,0,0
74,"Red (W)",5154,70,0,0
75,"White",6401,70,72.3,138
75,"Yellow",6020,70,70.3,132
75,"Yellow (W)",6020,72,76,144
75,"Red",5632,70,68.2,129
75,"Red (W)",5632,72,73.9,139
76,"Black",6053,69,69.8,122
76,"Blue",5887,69,69,122
76,"Blue (W)",5887,71,74.9,135
76,"Blue I",5876,69,68.9,120
76,"Green (W)",5422,71,72.6,128
76,"Green",5422,68,66.6,119
76,"Green I",5379,68,66.6,118
77,"White",6618,72,0,0
77,"Yellow",6301,72,0,0
77,"Red (W)",5643,73,0,0
78,"White",6301,70,70.9,134
78,"Yellow",5944,70,68.9,129
78,"Red (W)",5488,72,72.6,137
79,"Yellow (18-hole)",5864,68,0,0
79,"Red (18-hole) (W)",5055,69,0,0
80,"White",6310,70,71.5,135
80,"Yellow",6064,70,70.5,128
80,"Yellow (W)",6064,73,75.9,134
80,"Red (W)",5609,73,73.3,129
80,"Red",5609,69,68,122
81,"Blue",6373,71,0,0
81,"White",6106,71,0,0
81,"Yellow",5993,71,0,0
81,"Red (W)",5518,72,0,0
82,"White",6351,71,71.3,134
82,"Yellow",6103,71,69.9,131
82,"Red (W)",5575,73,73.4,135
83,"White",6448,72,73.1,123
83,"Yellow",6206,72,72.4,119
83,"Red",5583,72,71.2,121
84,"White",6078,70,70,126
84,"Yellow",5793,70,68.6,122
84,"Red (W)",5206,71,70.6,130
85,"White",6036,71,0,0
85,"Yellow",5818,71,0,0
85,"Red (W)",5371,73,0,0
86,"Gold",6141,69,0,0
86,"Blue",6044,69,0,0
86,"Yellow",5708,69,0,0
86,"Red",5364,73,0,0
87,"Mens",1241,27,26.4,89
87,"Ladies (W)",1241,27,27.5,90
88,"White",6551,72,72.3,131
88,"Yellow",6254,72,70.9,127
88,"Red (W)",5520,73,72.2,130
90,"White (W)",5847,72,75.5,131
90,"White",5847,69,68.9,125
90,"Yellow (W)",5677,72,74.2,131
90,"Yellow",5677,69,68,122
90,"Red",5306,69,66.5,113
90,"Red (W)",5306,72,71.8,130
90,"Black",4594,69,63.5,104
90,"Black (W)",4594,72,67.7,118
91,"White",6141,72,0,0
91,"Yellow",5878,72,0,0
91,"Red (W)",5511,72,0,0
92,"White",6249,71,70.9,140
92,"Yellow",5976,71,69.5,135
92,"Green",5660,70,68.1,132
92,"Red (W)",5562,73,74,138
92,"Red",5562,70,67.7,131
93,"White",5390,70,0,122
93,"Yellow",4949,70,0,112
93,"Red (W)",4726,70,0,119
94,"White",5982,70,69.7,128
94,"Yellow",5814,70,68.8,124
94,"Red (W)",5330,71,72.2,125
95,"White",6253,72,71,134
95,"Yellow",6015,72,60.7,134
95,"Red (W)",5409,72,72.3,135
95,"Blue",4394,68,62.9,110
95,"Blue (W)",4394,70,65.8,123
96,"Gold (18-hole)",5940,69,70.4,120
96,"Silver (18-hole)",5610,69,68.3,118
96,"Silver (18-hole) (W)",5610,71,73.6,130
96,"Bronze (18-hole)",5305,69,66.1,118
96,"Bronze (18-hole) (W)",5305,71,72.4,131
97,"Black",6310,71,70.9,118
97,"White",6274,71,70.6,118
97,"Yellow",6060,71,69.4,118
97,"Red (W)",5679,74,74,129
98,"White",6281,71,0,0
98,"Yellow",6075,71,0,0
98,"Red (W)",5652,73,0,0
99,"White",3032,35,0,0
99,"Yellow",2854,35,0,0
99,"Red (W)",2609,35,0,0
100,"White",5884,69,0,0
100,"Yellow",5529,69,0,0
100,"Red (W)",5297,70,0,0
100,"White",946,54,26.5,90
100,"White (W)",946,27,27.1,95
100,"White",3780,62,57.1,90
100,"White (W)",3780,62,58.6,95
101,"White (18-hole)",4940,64,65.1,114
101,"Red (18-hole) (W)",4645,68,68.1,110
101,"Yellow (18-hole)",4615,68,63.9,113
102,"White",5728,68,0,0
102,"Yellow",5404,68,0,0
102,"Red (W)",4858,68,0,0
103,"White",6256,70,70.3,120
103,"Yellow",5941,70,68.7,118
103,"Red (W)",5462,72,71.4,120
104,"White",3125,54,57.2,86
104,"Red (W)",3035,57,59.5,91
104,"Yellow",2925,54,0,0
105,"Blue",7026,72,74.4,129
105,"White",6727,72,73,127
105,"Yellow",6440,72,71.6,122
105,"Red",5713,72,68.1,114
105,"Red (W)",5713,74,73.5,128
106,"Blue",6976,72,74.8,132
106,"White",6789,72,74,132
106,"Yellow",6492,72,72.4,129
106,"Red (W)",5855,72,74.8,133
107,"White/Quarry",6448,72,72.1,134
107,"Yellow/Dalager",6236,73,71.1,134
107,"Yellow/Quarry",6101,72,70.3,132
107,"Black/Quarry",5894,71,69.2,130
107,"Black/Quarry (W)",5894,73,74.9,132
107,"Red/Dalager",5874,71,69,131
107,"Red/Dalager (W)",5874,75,74.8,130
107,"Red/Quarry",5684,70,67.9,128
107,"Red/Quarry (W)",5684,74,73.5,126
107,"Orange/Dalager (W)",4980,73,69.8,125
107,"Orange/Quarry (W)",4805,72,68.7,122
108,"White (18-hole)",4116,60,0,0
109,"White",6544,72,71.9,123
109,"Yellow",6153,72,70,121
109,"Blue",5628,70,67.8,113
109,"Red (W)",5591,73,73.4,123
110,"White",1394,27,0,0
111,"White",1514,31,0,0
112,"White",6018,69,0,0
112,"Yellow",5672,69,0,0
112,"Red (W)",5561,72,0,0
113,"White",3202,32,0,0
114,"White",6105,69,70.6,128
114,"Yellow",5898,71,69.8,126
114,"Yellow (W)",5898,71,75.1,136
114,"Red",5547,68,67.9,120
114,"Red (W)",5547,73,72.9,133
114,"Blue (W)",4649,71,68.1,120
114,"Blue",4649,66,63.8,108
116,"62+",6279,70,71.7,133
116,"62",6206,70,71.2,133
116,"59",5918,70,69.8,129
116,"59 (W)",5918,73,76,137
116,"55",5523,70,67.7,123
116,"55 (W)",5523,73,73.6,128
116,"49",4955,70,65.3,116
116,"49 (W)",4955,70,70.1,121
117,"White",6011,70,70,127
117,"Yellow",5854,70,69.1,127
117,"Yellow (W)",5854,72,67.7,123
117,"Red",5518,70,72.5,127
117,"Red (W)",5518,72,71.6,121
118,"Blue (18-hole)",5536,68,64,109
118,"Red (18-hole) (W)",5197,68,64.9,111
119,"White",5582,69,0,0
119,"Yellow",5334,72,0,0
119,"Red",5047,70,0,0
120,"Blue",6270,70,0,0
120,"White",6241,70,0,0
120,"Yellow",5975,70,0,0
120,"Red (W)",5664,72,0,0
121,"Blue",6918,73,74.1,125
121,"White",6607,73,73.2,124
121,"Yellow",6254,73,71.7,123
121,"Yellow (W)",6254,73,72.7,125
121,"Red",5490,73,67.1,113
121,"Red (W)",5490,73,68.1,115
122,"Blue",3013,36,0,0
122,"White",2942,36,0,0
122,"Yellow",2798,36,0,0
122,"Red (W)",2449,36,0,0
123,"White",1970,31,30.9,115
123,"Red (W)",1932,31,32.7,106
124,"White (18-hole)",5666,68,67.5,115
124,"Yellow (18-hole)",5435,68,66.4,113
124,"Red (18-hole) (W)",5213,70,70.8,119
125,"White",5836,68,0,0
125,"Yellow",5559,68,0,0
125,"Red",5301,68,0,0
125,"Blue",4053,66,0,0
127,"White",6065,70,0,0
127,"Yellow",5656,70,0,0
127,"Red (W)",5248,71,0,0
128,"Blue",6904,71,0,0
128,"White",6606,71,0,0
128,"Yellow",6190,71,0,0
128,"Red (W)",5826,73,0,0
130,"White",6074,70,70.3,124
130,"Yellow",5848,70,69.1,122
130,"Red (W)",5474,71,72.5,132
131,"Green (18-hole)",5749,70,67.2,113
131,"Gold ((18-hole) W)",4908,70,64.9,105
133,"Championship",7010,72,75.2,141
133,"White",6466,72,72.4,136
133,"Yellow",6053,72,70.3,130
133,"Red (W)",5395,72,72.4,132
134,"White (18-hole)",5012,66,0,0
134,"Yellow (18-hole)",4638,64,0,0
134,"Red (18-hole) (W)",4382,65,0,0
134,"Blue (18-hole)",3146,65,0,0
135,"63",6282,72,71.5,139
135,"59",5942,72,69.9,129
135,"59 (W)",5942,72,75.8,145
135,"56 (W)",5576,72,73.4,143
135,"56",5576,72,68.1,126
136,"White",6436,72,71.5,134
136,"Yellow (W)",6152,74,76.5,141
136,"Yellow",6152,72,70.4,128
136,"Red (W)",5840,74,74.5,136
136,"Red",5840,72,68.5,123
136,"Blue",5401,69,66.9,117
136,"Blue (W)",5401,72,72,130
136,"Gray",3246,61,59,102
137,"White",6337,72,71.2,127
137,"Yellow",5880,71,69,120
137,"Yellow (W)",5880,71,70.1,122
137,"Red (W)",5356,70,71,127
137,"Blue (W)",5051,70,69.4,123
139,"Blue",6424,70,71.6,140
139,"White",6393,70,71.5,139
139,"Yellow",6097,70,69.9,130
139,"Yellow (W)",6097,73,76.2,142
139,"Red (W)",5481,72,72.2,132
139,"Red",5481,70,67,119
140,"White",6556,71,0,0
140,"Yellow",6206,71,0,0
140,"Red (W)",5651,72,0,0
141,"Gold",7879,72,0,0
141,"Black",7220,72,0,0
141,"White",6786,72,0,0
141,"Yellow",6441,72,0,0
141,"Red",5812,72,0,0
143,"White",6211,72,70.7,121
143,"Yellow",5906,72,69.2,117
143,"Yellow (W)",5906,72,70.2,119
143,"Red",5181,72,66.1,111
143,"Red (W)",5181,72,67.1,113
144,"White",2074,32,0,0
146,"White",6671,73,72.4,140
146,"Yellow",6113,73,69.6,128
146,"Red (W)",5378,73,73.3,133
149,"Yellow",5390,69,0,0
149,"Red (W)",5190,69,0,0
151,"White",6281,72,0,0
151,"Yellow",6018,72,0,0
151,"Red (W)",5731,72,0,0
152,"White",1167,27,0,0
153,"White",6236,72,0,0
153,"Yellow",5976,72,0,0
153,"Red (W)",5433,71,0,0
154,"Blue",3226,36,0,0
154,"White",2992,36,0,0
154,"Yellow",2835,36,0,0
154,"Red (W)",2590,36,0,0
155,"Blue",3212,35,0,0
155,"White",3100,35,0,0
155,"Yellow",2950,35,0,0
155,"Red (W)",2767,36,0,0
156,"White",6055,71,69.6,135
156,"Yellow",5764,71,68.3,126
156,"Red (W)",5425,73,71.8,135
157,"White",6275,71,0,0
157,"Yellow",6034,71,0,0
157,"Red (W)",5529,71,0,0
158,"White",6402,71,0,0
158,"Yellow",6005,71,0,0
158,"Red (W)",5639,73,0,0
159,"Back",1403,54,0,0
160,"Black",6385,71,70.9,127
160,"White",6102,71,69.6,123
160,"White (W)",6102,73,75.9,131
160,"Yellow (W)",5553,73,72.8,125
160,"Yellow",5553,71,67.6,119
161,"White",6448,71,71.4,131
161,"Yellow",6026,71,69.4,123
161,"Red (W)",5526,72,72.1,129
163,"White",6419,72,72.1,137
163,"Green (W)",6091,73,76,142
163,"Green",6091,72,70.1,134
163,"Yellow (W)",5683,73,73.5,134
163,"Yellow",5683,72,68.4,130
163,"Blue (W)",4070,72,65.4,111
164,"Black",6730,71,0,0
164,"White",6234,71,70.8,133
164,"Green",5846,71,68.9,124
164,"Green (W)",5846,71,74.9,137
164,"Yellow",5322,69,65.9,111
164,"Yellow (W)",5322,71,70.9,130
164,"Blue (W)",4012,70,64.2,109
165,"White (W)",6320,70,72.2,129
165,"White",6320,70,70.9,127
165,"Yellow (W)",6052,69,75.7,134
165,"Yellow",6052,69,69.9,123
165,"Purple",5824,69,68.7,119
165,"Purple (W)",5824,73,74.6,128
165,"Red",5718,73,68.1,117
165,"Red (W)",5718,73,73.8,127
165,"Blue",5359,71,66.2,114
165,"Blue (W)",5359,71,71.7,123
166,"White",6192,70,70.1,128
166,"Yellow",5898,70,68.4,128
166,"Yellow (W)",5898,73,74.7,128
166,"Red (W)",5761,73,74,126
166,"Blue",5608,70,67.2,121
166,"Blue (W)",5608,73,72.9,126
167,"Yellow",2058,33,0,0
167,"Red",1957,32,0,0
168,"White",6377,71,0,0
168,"Yellow",6060,71,0,0
168,"Red (W)",5466,71,0,0
170,"White",3017,35,35,125
170,"Yellow",2956,35,0,0
170,"Red (W)",2879,36,37.1,134
171,"White",875,27,0,0
172,"White",6278,73,0,0
172,"Yellow",5876,71,0,0
172,"Red (W)",5320,70,0,0
173,"White",5718,69,0,0
173,"Yellow",5425,69,0,0
173,"Red (W)",5150,70,0,0
174,"White Long",6783,73,72.2,129
174,"White",6639,72,72.2,129
174,"Yellow Long",6613,73,70.6,126
174,"Yellow",6476,72,70.6,126
174,"Winter Long",6246,73,67.6,116
174,"Winter Long (W)",6246,73,71.7,123
174,"Winter",6121,72,67.6,116
174,"Winter (W)",6121,72,71.7,123
174,"Red Long (W)",5788,74,72.8,121
174,"Red (W)",5624,73,72.8,121
175,"White",5840,70,0,0
175,"Red",5514,71,0,0
175,"Yellow",5507,70,0,0
176,"White",4670,67,60.9,99
176,"Yellow",4580,67,59.1,89
176,"Red (W)",4500,68,61.9,101
177,"White",3034,35,0,0
177,"Yellow",2846,35,0,0
177,"Red (W)",2618,35,0,0
177,"White",3063,35,0,0
177,"Yellow",2936,35,0,0
177,"Red (W)",2618,35,0,0
177,"White",3122,35,0,0
177,"Yellow",2947,35,0,0
177,"Red (W)",2708,35,0,0
178,"White",6616,71,72.8,129
178,"Yellow",6227,72,70.6,129
178,"Red",5737,71,68.2,122
178,"Red (W)",5737,73,73.4,134
179,"White",1268,29,0,0
180,"Blue",3612,37,0,0
180,"White",3482,37,0,0
180,"Yellow",3266,37,0,0
180,"Red (W)",3106,38,0,0
181,"White",2861,34,0,0
181,"Yellow",2752,34,0,0
181,"Red (W)",2594,34,0,0
182,"White",3386,37,0,0
182,"Yellow",3195,37,0,0
182,"Red (W)",2790,37,0,0
182,"White",2948,35,0,0
182,"Yellow",2744,35,0,0
182,"Red (W)",2374,35,0,0
182,"White",3258,36,0,0
182,"Yellow",3109,36,0,0
182,"Red (W)",2930,36,0,0
183,"White",5502,67,0,117
183,"Yellow",5337,67,0,112
183,"Red (W)",5125,70,0,127
185,"White",6284,71,70.6,117
185,"Yellow",5882,71,68.5,115
185,"Red (W)",5337,71,70.7,115
186,"White",6157,71,70.8,127
186,"Yellow",5799,71,69,121
186,"Red (W)",5094,71,70.5,126
187,"White",6210,69,70.5,133
187,"Yellow",5846,69,68.6,128
187,"Red (W)",5095,70,70.6,121
188,"White",2195,54,0,0
190,"White",5295,68,0,0
190,"Yellow",5044,67,0,0
190,"Red (W)",5040,68,0,0
191,"White",6139,71,69.1,114
191,"Yellow",5801,71,67.2,111
191,"Red",5419,71,70.7,116
192,"White",5551,70,0,0
192,"Yellow",5198,70,0,0
192,"Red",4781,70,0,0
193,"White",6212,69,70.6,128
193,"Yellow",5979,69,69.8,127
193,"Blue",5520,69,67.6,120
193,"Red (W)",5467,72,72.4,129
193,"Blue (W)",5274,72,71.2,126
194,"White",5809,68,68.6,119
194,"Yellow",5608,68,67.5,115
194,"Red (W)",5399,71,71.5,127
195,"White-Long",6554,72,0,0
195,"White-Short",6513,72,0,0
195,"Yellow",6217,72,0,0
195,"Red (W)",5707,73,0,0
196,"White",5669,69,0,0
196,"Yellow",5338,69,0,0
196,"Red",5065,70,0,0
197,"White",6277,71,70.8,131
197,"Yellow",5950,71,69.3,127
197,"Red (W)",5657,73,73.3,140
197,"Red",5657,71,68.3,120
198,"White",5815,69,69.5,128
198,"Yellow",5468,69,67.1,123
198,"Yellow (W)",5468,71,72.8,133
198,"Red",4935,67,64.9,116
198,"Red (W)",4935,70,69.2,125
198,"Blue",3159,58,59.4,101
198,"Blue (W)",3159,62,59.4,105
199,"White",6170,69,70.2,120
199,"Yellow",5951,69,69.2,118
199,"Red",5684,72,73.7,130
199,"Blue",5394,72,71.7,124
200,"White",6533,72,0,0
200,"Yellow",6066,70,0,0
200,"Red (W)",5453,71,0,0
201,"Black",6412,72,71.2,120
201,"White",6127,72,70.1,116
201,"Gold",5481,72,71.8,123
202,"White (18-hole)",6350,72,71.2,132
202,"Yellow (18-hole)",6070,72,69.6,125
202,"Red (18-hole) (W)",5528,72,72.6,132
204,"White (18-hole)",6358,70,70.9,128
204,"Yellow (18-hole)",6129,70,69.8,127
204,"Red (18-hole) (W)",5758,73,73.4,127
205,"White",2437,34,0,0
205,"Yellow",2372,34,0,0
205,"Red (W)",2299,35,0,0
206,"Yellow (18-hole)",4740,0,62.8,109
206,"Yellow (18-hole) (W)",4740,0,68,110
206,"Red (18-hole)",4320,0,61.8,100
206,"Red (18-hole) (W)",4320,0,65.8,103
208,"White",5935,70,67.2,113
208,"Blue",5604,70,66.1,112
208,"Red (W)",5161,72,67.1,113
209,"White",3239,36,0,0
209,"Yellow",3104,36,0,0
209,"Red (W)",2917,36,0,0
209,"White",2716,34,0,0
209,"Yellow",2594,34,0,0
209,"Red (W)",2436,35,0,0
209,"Red",2436,34,0,0
209,"White",3066,36,0,0
209,"Yellow",2882,36,0,0
209,"Red (W)",2692,36,0,0
210,"White",3202,36,35.3,124
210,"Yellow",3018,36,34.3,118
210,"Red",2728,36,35.6,119
211,"White",5868,69,0,0
211,"Yellow",5764,69,0,0
211,"Red (W)",5423,69,0,0
214,"White",5962,69,68.7,120
214,"Yellow",5759,69,67.7,118
214,"Red (W)",5495,71,72.3,131
214,"Green",5397,69,66,113
215,"White (18-hole)",5945,70,68,116
215,"White (18-hole) (W)",5930,72,73.8,119
215,"Yellow (18-hole)",5737,70,66.7,112
215,"Black (18-hole)",5710,70,67.2,111
215,"Black (18-hole) (W)",5710,72,72.4,128
215,"Yellow (18-hole) (W)",5534,71,72.7,124
215,"Red (18-hole)",5479,70,65.5,110
215,"Red (18-hole) (W)",5479,70,70.9,122
215,"Blue (18-hole)",4837,70,62.3,100
215,"Blue (18-hole) (W)",4818,70,67.4,111
216,"White",2797,34,0,0
216,"Yellow",2669,34,0,0
216,"Red",2567,35,0,0
218,"Black (W)",6453,75,77.7,134
218,"Black",6453,71,71.2,123
218,"Green",6106,71,69.3,121
218,"Green (W)",6106,74,75.6,128
218,"Blue",5659,71,67.4,118
218,"Blue (W)",5659,72,73,120
218,"Purple",4908,71,63.9,103
218,"Purple (W)",4908,72,68.4,113
219,"Blue",7086,72,74.2,134
219,"White",6750,72,72.5,128
219,"Yellow",6485,72,71,124
219,"Green",6008,72,69,118
219,"Green (W)",6008,74,74.7,131
219,"Red",4515,72,62,102
219,"Red (W)",4515,74,66,113
220,"White",6031,69,68.9,116
220,"Yellow",5763,69,67.7,114
220,"Yellow (W)",5763,73,73.6,127
220,"Red (W)",5442,71,71.5,122
221,"White",6387,72,70.7,121
221,"Yellow",6056,72,69.5,120
221,"Red (W)",5555,71,69.2,117
222,"White",6273,71,70.4,133
222,"Yellow",5986,71,69.4,131
222,"Red (W)",5588,72,73.1,135
222,"Yellow/Winter",5302,67,66.7,123
222,"Red/Winter (W)",5114,71,70.5,129
223,"White",6825,73,72.4,129
223,"Yellow",6456,73,70.8,130
223,"Red (W)",5341,73,70.9,123
224,"White",3081,36,0,0
224,"Yellow",2968,36,0,0
224,"Red (W)",2569,36,0,0
224,"White",2010,31,0,0
224,"Yellow",1810,30,0,0
224,"Ladies",1704,30,0,0
225,"White",6530,71,72,128
225,"Yellow",6204,71,70.4,126
225,"Red (W)",5493,72,72.2,126
226,"White",6517,72,71.6,130
226,"Yellow",6303,72,70.8,128
226,"Red (W)",5695,73,72.8,131
227,"Emerald",7028,72,73.1,133
227,"White",6531,72,72.5,130
227,"Blue",6183,72,71.9,125
227,"Red (W)",5564,72,72.9,125
228,"White",6854,72,0,0
228,"Yellow",6348,72,0,0
228,"Red (W)",5887,72,0,0
229,"White",6428,71,71.2,131
229,"Yellow",6186,71,70,129
229,"Red",5520,72,66.9,116
229,"Red (W)",5520,72,72.3,125
230,"White",6443,71,71.9,133
230,"Yellow",6096,71,70.2,128
230,"Red (W)",5551,72,72.5,129
230,"Red",5551,71,67.5,122
231,"White",680,18,0,0
232,"White",5910,70,69.6,125
232,"Yellow",5711,70,68.5,122
232,"Yellow (W)",5711,70,74.6,129
232,"Red",5317,70,66.9,117
232,"Red (W)",5317,70,72.5,123
233,"Blue",6503,70,71.2,125
233,"White",6486,70,71.1,125
233,"Yellow",6224,70,69.8,123
233,"Red (W)",5702,73,72.7,125
233,"Red",5702,70,67.2,117
234,"White",6368,71,0,0
234,"Yellow",6030,71,0,0
234,"Red (W)",5432,72,0,0
235,"White",1500,29,0,0
236,"White",880,27,0,0
238,"White",975,27,0,0
239,"White",6376,72,0,0
239,"Yellow",6053,72,0,0
239,"Red (W)",5464,75,0,0
240,"White",650,27,0,0
241,"White",6087,70,0,0
242,"White",6055,69,0,0
242,"Yellow",5831,69,0,0
242,"Red (W)",5297,72,0,0
243,"White",6409,70,70.9,122
243,"Yellow",6092,70,69.2,118
243,"Red (W)",5546,71,71.9,123
244,"White",6313,71,71.1,129
244,"Yellow",6097,71,69.6,122
244,"Red (W)",5636,74,73.3,130
245,"White (18-hole)",4698,66,32.6,102
245,"Red (18-hole) (W)",4400,66,33.9,105
248,"White",2929,35,0,0
248,"Yellow",2825,35,0,0
248,"Red",2802,36,0,0
249,"Black",7080,73,74,130
249,"Silver",6810,73,72.6,131
249,"Gold",6503,73,71.2,132
249,"Blue (W)",5862,73,73.9,125
250,"Silver",6488,72,71.2,128
250,"Gold",6059,72,69.3,120
250,"Blue (W)",5424,73,71.5,125
251,"White",6501,72,71.5,134
251,"Yellow",5938,72,69,126
251,"Red (W)",5484,72,72.1,134
252,"White",6100,70,70,128
252,"White (W)",6100,72,75.3,132
252,"Yellow (W)",5854,72,74.1,131
252,"Yellow",5854,70,68.8,125
252,"Red (W)",5527,72,72.2,126
252,"Red",5527,72,66.9,118
253,"White",1058,27,0,0
254,"White",6758,72,0,0
254,"Yellow",6566,72,0,0
254,"Blue",6147,72,0,0
254,"Red (W)",5626,72,0,0
255,"White",6313,71,70.9,130
255,"Yellow",6065,71,69.8,127
255,"Red (W)",5490,71,72.4,127
256,"White",6133,70,69.9,122
256,"Yellow",5838,70,68.6,118
256,"Red (W)",5315,71,71.1,123
257,"White (18-hole)",2439,58,0,0
258,"White",6477,70,72.5,133
258,"Yellow",6311,70,71.5,131
258,"Red (W)",5861,74,75.2,141
258,"Red",5861,68,69.6,125
258,"Blue",5082,68,66.1,116
258,"Blue (W)",5082,71,70.6,131
259,"71",7132,72,76.2,153
259,"66",6530,72,73.7,144
259,"61 (W)",5891,72,77.3,145
259,"61",5891,72,70.9,134
259,"55",5503,72,68.2,130
259,"55 (W)",5503,72,73.7,136
262,"Yellow (18-hole)",5234,70,0,0
262,"Red (18-hole (W)",4794,70,0,0
263,"White",6441,72,71.6,126
263,"Yellow",6023,72,69.5,120
263,"Red (W)",5352,72,71.7,120
264,"White",6591,72,0,0
264,"Yellow",6429,72,0,0
264,"Red (W)",5919,72,0,0
265,"Black",6629,71,0,0
265,"White",6597,71,72.7,131
265,"Yellow",6225,71,71,128
265,"Red (W)",5851,73,74.9,133
265,"Blue",5173,67,66.4,126
265,"Blue (W)",5173,67,72.1,126
268,"White",1097,27,0,0
269,"White",6364,71,0,0
269,"Yellow",5826,71,0,0
269,"Red (W)",5404,72,0,0
270,"White",2736,34,33.6,125
270,"White (W)",2736,34,36.3,136
270,"Yellow",2699,34,33.2,120
270,"Yellow (W)",2699,34,35.8,131
270,"Red (W)",2527,34,35.1,129
270,"Red",2527,34,32.8,116
272,"Black",3419,36,0,0
272,"Gold",3140,36,0,0
272,"White (W)",2759,36,0,0
273,"Black",3376,36,0,0
273,"Gold",3083,36,0,0
273,"White (W)",2818,36,0,0
274,"Black",3436,36,0,0
274,"Gold",3189,36,0,0
274,"White (W)",2787,38,0,0
275,"White",6322,71,0,0
275,"Yellow",6077,71,0,0
275,"Red (W)",5429,73,0,0
276,"White",6076,71,0,0
276,"Yellow",5695,70,0,0
276,"Red (W)",5301,71,0,0
277,"White",6297,71,70.6,131
277,"Yellow",5970,71,69,126
277,"Red (W)",5513,73,72.6,127
278,"White",6101,70,0,0
278,"Yellow",5914,70,0,0
278,"Red (W)",5363,72,0,0
279,"Black",5579,68,0,119
279,"White",5507,68,0,118
279,"Yellow",5324,68,0,115
279,"Red (W)",5146,70,0,123
280,"White",6211,69,0,0
280,"Yellow",5629,69,0,0
280,"Red (W)",4995,68,0,0
281,"White",6622,72,72.9,131
281,"Yellow",6328,72,71.6,125
281,"Blue",5997,71,70.2,127
281,"Blue (W)",5997,72,76.2,132
281,"Red",5584,72,68.1,119
281,"Red (W)",5584,72,73.6,132
282,"White",6448,72,71.9,129
282,"Yellow",6287,72,70.8,128
282,"Red (W)",5754,74,73.8,128
283,"White",5208,67,66.1,114
283,"Yellow",4906,67,65.1,109
283,"Red (W)",4846,69,69.6,125
284,"Blue",6632,71,73,136
284,"White",6438,71,72.1,133
284,"Green",6357,71,71.5,133
284,"Yellow",6122,71,70.3,133
284,"Red (W)",5716,73,74.2,136
285,"White",5537,69,67.6,120
285,"Yellow (W)",5230,70,70.8,127
285,"Yellow",5230,69,65.9,117
285,"Red",5168,69,65.7,117
285,"Red (W)",5168,70,70.6,126
287,"White",6166,71,70.7,127
287,"White (W)",6166,71,77.2,134
287,"Yellow",5840,71,69.3,120
287,"Yellow (W)",5840,71,74.8,134
287,"Blue",5550,70,68,118
287,"Blue (W)",5550,70,72.7,132
287,"Red",5197,71,66.4,115
287,"Red (W)",5197,71,71.1,121
288,"White",6476,71,71.9,131
288,"Yellow",6268,71,70.9,129
288,"Green",5855,71,71.9,131
288,"Red (W)",5767,73,74,132
288,"Red",5767,73,0,128
289,"White",5669,70,0,0
289,"Yellow",5405,70,0,0
289,"Red (W)",5049,70,0,0
290,"White",6221,71,70.4,121
290,"Yellow",6010,71,69.3,119
290,"Red (W)",5524,72,71.8,121
291,"White",2689,34,33.6,118
291,"Red (W)",2339,34,35.1,122
292,"Blue",6509,72,0,0
292,"White",6284,72,0,0
292,"Yellow",6027,72,0,0
292,"Red (W)",5478,72,0,0
293,"Black",6572,72,72.8,130
293,"White",6194,72,70.8,128
293,"Gold",5580,72,68.2,123
293,"Gold (W)",5580,72,73.4,128
294,"White",6159,72,70.6,115
294,"Red (W)",5812,74,73,125
295,"White",6040,69,0,0
295,"Yellow",5788,69,0,0
295,"Red (W)",5169,69,0,0
296,"Black",7208,72,75.2,138
296,"White",6771,72,73.7,136
296,"Yellow",6333,72,71.8,126
296,"Jade",5759,72,73.7,130
297,"White",6539,72,73.4,146
297,"Yellow",6178,72,71.4,142
297,"Orange",5943,71,0,0
297,"Red (W)",5713,70,75.1,143
298,"White",6308,72,71,128
298,"Yellow",6108,72,69.8,128
298,"Red (W)",5643,74,73.3,127
299,"White",3193,36,0,0
299,"White",1953,33,0,0
300,"White (18-hole)",5860,70,0,0
300,"Yellow (18-hole)",5423,70,0,0
300,"Red (18-hole) (W)",5266,71,0,0
301,"Yellow/Blue",4751,65,0,0
301,"Red (W)",4543,69,0,0
302,"White",6255,70,0,0
302,"Yellow",5865,70,0,0
302,"Red (W)",5438,71,0,0
303,"White (18-hole)",5300,66,0,0
303,"Yellow (18-hole)",5231,66,0,0
303,"Red (18-hole) (W)",4958,68,0,0
304,"Black",6564,71,72.2,131
304,"White",6226,71,70.7,127
304,"Yellow",5933,71,69.2,0
304,"Gray",5509,71,0,0
304,"Red (W)",5361,71,71.8,0
305,"White",1230,27,0,0
306,"White",6521,72,72,127
306,"Yellow",6295,72,70.9,123
306,"Purple (W)",5883,73,74.6,132
306,"Red",5510,68,67.2,114
306,"Red (W)",5510,73,72.4,127
306,"Blue",4598,67,63.5,105
306,"Blue (W)",4598,69,66.9,115
307,"White",6461,72,72.4,135
307,"Yellow (W)",6063,76,76.4,134
307,"Yellow",6063,70,70.4,133
307,"Red (W)",5516,73,73.2,128
307,"Red",5516,68,68.1,125
308,"White",6023,71,69.5,126
308,"White I",5912,70,69,124
308,"Yellow",5672,71,67.6,120
308,"Red (W)",5241,71,70.8,122
309,"White",5989,70,0,0
309,"Yellow",5500,70,0,0
309,"Red (W)",5205,71,0,0
311,"White",6622,72,0,0
311,"Yellow",6216,72,0,0
311,"Red (W)",5446,73,0,0
312,"White",6282,71,0,0
312,"Yellow",6070,71,0,0
312,"Red (W)",5348,74,0,0
313,"White",5646,68,67.7,123
313,"Yellow",5416,68,66.8,122
313,"Red (W)",5210,70,71.2,123
315,"White",1154,27,0,0
316,"Black",6094,70,0,0
316,"White",6049,70,69.8,129
316,"Yellow",5748,70,68.4,127
316,"Red (W)",5540,72,72.7,134
316,"Blue",5208,67,0,0
317,"White",6477,72,0,0
317,"Yellow",6222,72,0,0
317,"Red (W)",5977,74,0,0
318,"Blue",6533,70,72.1,137
318,"White",6383,70,71.4,136
318,"Yellow",6172,70,70.2,132
318,"Red (W)",5673,73,73.5,137
319,"White",6248,70,70.5,125
319,"Yellow",6121,70,69.8,126
319,"Yellow (W)",6121,75,75.8,136
319,"Red",5747,70,68.1,121
319,"Red (W)",5747,74,73.4,130
320,"White",4381,64,0,0
320,"Yellow",4208,64,0,0
320,"Red (W)",4173,67,0,0
321,"White",1500,36,0,0
322,"White",6159,71,70,129
322,"Yellow",5889,71,68.6,126
322,"Red (W)",5256,71,71.4,126
323,"White",6460,72,71.4,136
323,"Yellow",6230,72,70.3,135
323,"Red (W)",5634,72,72.9,131
324,"White",6661,73,0,0
324,"Yellow",6464,73,0,0
324,"Red (W)",5504,73,0,0
325,"White",6119,70,70.5,130
325,"Yellow",5724,70,68.3,121
325,"Blue I",5660,70,65,114
325,"Red (W)",5501,73,72.8,129
325,"Blue",5080,70,65,114
325,"Blue (W)",5005,73,69.6,122
326,"White",5500,68,0,0
326,"Yellow",5092,68,0,0
327,"White",5904,70,0,0
327,"Yellow",5673,70,0,0
327,"Red (W)",4979,71,0,0
328,"White",6062,70,0,0
328,"Yellow",5870,70,0,0
328,"Red (W)",5274,72,0,0
328,"Blue",4758,71,0,0
328,"Blue (W)",4758,71,0,0
329,"White",6278,71,70.9,140
329,"Yellow",5973,71,69.7,130
329,"Red (W)",5155,73,72.1,133
330,"White",6040,71,70,124
330,"White (W)",6040,74,76.1,137
330,"Yellow",5729,71,68.5,123
330,"Yellow (W)",5729,74,74.3,132
330,"Red (W)",5334,71,72,127
330,"Red",5334,71,66.6,115
331,"White",5191,67,66,96
331,"Yellow",4813,67,63,94
331,"Red (W)",4443,67,66,97
331,"Winter",4048,63,59,92
331,"Winter (W)",4048,63,60.2,95
332,"White",6654,72,73.7,139
332,"Yellow",6266,71,71.6,134
332,"Blue",5761,69,69.3,130
332,"Blue (W)",5761,74,75.5,146
332,"Green (W)",5604,74,74.6,141
332,"Green",5604,69,68.5,126
333,"White",6496,72,0,0
333,"Yellow",6339,72,0,0
333,"Red (W)",5710,73,0,0
334,"White",6388,71,71.7,132
334,"Blue",6060,71,70.3,129
334,"Yellow",5990,71,70,127
334,"Red (W)",5341,71,71.4,126
335,"White",6251,72,0,0
335,"Yellow",5867,72,0,0
335,"Red (W)",5162,72,0,0
336,"White",6211,70,0,0
336,"Yellow",6010,70,0,0
336,"Red (W)",5618,72,0,0
337,"White",6246,71,0,0
337,"Yellow",5959,71,0,0
337,"Red (W)",5427,71,0,0
338,"White",6153,70,70.5,132
338,"Yellow",5856,70,69.1,127
338,"Red (W)",5268,70,71.4,127
339,"White",5474,70,0,0
339,"Yellow",5301,70,0,0
339,"Red (W)",5030,70,0,0
340,"Black",6240,71,71.4,137
340,"White",6216,71,0,0
340,"Yellow",5925,71,0,0
340,"Green",5925,71,70.1,129
340,"Red (W)",5709,73,0,0
340,"Orange (W)",5709,71,74.3,141
340,"Blue",4595,68,0,0
341,"White",6220,70,0,0
341,"Yellow",5900,70,0,0
341,"Red (W)",5348,70,0,0
342,"White",5998,70,69.6,129
342,"Yellow",5709,70,68.4,123
342,"Red (W)",5332,72,71.5,128
343,"White",6257,70,70.8,132
343,"Yellow",5954,70,69.1,127
343,"Red (W)",5386,71,72.1,128
343,"Red",5386,68,66.7,121
344,"White",6216,70,0,0
344,"Yellow",5980,70,0,0
344,"Red (W)",5278,72,0,0
345,"White",6349,71,71.2,131
345,"Yellow",6096,71,69.9,130
345,"Yellow (W)",6096,73,76.1,142
345,"Red (W)",5623,73,73.3,135
345,"Red",5623,71,67.7,122
346,"Black",7222,73,0,0
346,"White",6961,73,0,0
346,"Yellow",6619,73,0,0
346,"Blue",6142,73,0,0
346,"Red (W)",5777,73,0,0
346,"Pink (W)",5235,73,0,0
347,"White",6193,70,70.8,126
347,"Yellow",5806,70,69.5,121
347,"Yellow (W)",5806,71,75.1,130
347,"Red (W)",5237,71,71.7,123
348,"White",6243,70,70.8,130
348,"Yellow",5878,69,69.1,127
348,"Red (W)",5393,71,72,123
349,"White",6175,71,0,0
349,"Yellow",5922,71,0,0
349,"Red (W)",5409,72,0,0
350,"White",6944,73,74.1,125
350,"Yellow",6465,73,71.7,123
350,"Red (W)",5852,73,71.2,121
351,"Blue",6563,70,72.7,138
351,"White",6418,70,72,140
351,"Yellow",6139,70,70.9,132
351,"Red",5763,73,74.8,139
351,"Ancaster/Green",5046,68,65.6,134
351,"Ancaster/Green (W)",5046,70,70.8,129
352,"White",6341,70,71.2,124
352,"Yellow",6163,70,70.2,122
352,"Green",5931,70,69.2,116
352,"Red (W)",5475,72,72.4,122
353,"White",6278,70,70.3,118
353,"Yellow",5963,70,68.8,114
353,"Red (W)",5320,72,71,119
353,"White",6490,71,71,122
353,"Yellow",6109,71,69.3,118
353,"Red (W)",5573,73,72.2,125
353,"White",6028,69,69.1,115
353,"Yellow",5804,69,67.9,112
353,"Red (W)",5257,71,70.4,120
354,"White",1116,27,0,0
355,"Black",6458,71,71.9,142
355,"White",6133,71,70.3,137
355,"Red (W)",5442,72,72.5,140
356,"White",6215,71,0,0
356,"Yellow",5948,71,0,0
356,"Red (W)",5401,74,0,0
357,"White",5717,70,0,0
357,"Red (W)",5046,70,0,0
358,"White",6153,70,0,0
358,"Yellow",5953,70,0,0
358,"Red (W)",5189,71,0,0
359,"White",1940,31,0,0
360,"White",6579,72,72,128
360,"Yellow",6194,72,70.5,120
360,"Red (W)",5421,72,72.2,125
361,"Yellow",5577,68,67.7,134
361,"White",5381,68,66.7,130
361,"Red (W)",5054,70,70,134
362,"White",6021,70,0,0
362,"Yellow",5715,70,0,0
362,"Red (W)",5175,71,0,0
365,"Black",6635,71,0,0
365,"White",6492,71,71.4,117
365,"Yellow",6225,71,70.4,113
365,"Red (W)",5861,73,74.4,128
367,"White",1915,27,27,87
367,"White (W)",1915,27,28,88
367,"Red",1250,27,26.9,85
367,"Red (W)",1250,27,27.2,86
368,"White",6312,70,70.1,124
368,"Yellow",6076,70,68.9,120
368,"Red (W)",5667,73,72.3,119
369,"White",5822,68,0,0
369,"Yellow",5507,68,0,0
369,"Red (W)",5073,69,0,0
370,"White (18-hole)",5334,68,0,0
371,"White",1036,27,0,0
372,"White",6607,71,72.7,130
372,"Yellow",6470,71,72.1,127
372,"Blue",6145,71,70.4,126
372,"Blue (W)",6145,71,76.5,142
372,"Green",5855,71,69.2,123
372,"Green (W)",5855,71,74.8,137
372,"Red",5531,71,67.3,118
372,"Red (W)",5531,71,73,131
372,"Pink",4295,71,62.4,102
372,"Pink (W)",4295,71,65.7,114
376,"White (18-hole)",5818,68,68.6,129
376,"Yellow (18-hole)",5586,68,67.8,126
376,"Red (18-hole) (W)",5354,72,71.4,131
377,"White",5691,69,0,0
377,"Yellow",5469,69,0,0
377,"Red (W)",5264,70,0,0
378,"Gold",6148,70,70.5,132
378,"Gold (W)",6148,74,76.4,141
378,"Green",5851,70,69.3,132
378,"Green (W)",5851,74,74.9,138
378,"Silver (W)",5528,74,73.1,133
378,"Silver",5528,68,67.7,125
379,"White",6383,71,72,139
379,"Yellow",6061,71,70.3,133
379,"Yellow (W)",6061,73,76,137
379,"Red (W)",5778,73,74.4,133
379,"Red",5778,71,68.9,130
380,"White",3037,36,0,0
380,"Black",2789,36,0,0
381,"White",6176,70,0,0
381,"Yellow",5842,70,0,0
381,"Red (W)",5587,72,0,0
382,"White",1489,28,0,0
383,"White",5198,67,0,0
383,"Yellow",4889,66,0,0
383,"Red (W)",4472,67,0,0
387,"White",6302,72,70.9,126
387,"White (W)",6302,76,76.6,135
387,"Yellow",5978,72,69.1,125
387,"Yellow (W)",5978,75,74.6,131
387,"Blue",5691,72,67.9,113
387,"Blue (W)",5691,74,72.7,132
387,"Red (W)",5570,73,72.2,126
387,"Red",5570,72,67.4,112
388,"White",6473,71,71.5,128
388,"Yellow",6259,71,70.4,126
388,"Red (W)",5674,73,74,129
388,"Red",5674,69,67.7,118
389,"White",5571,69,0,0
389,"Yellow",5320,69,0,0
389,"Red (W)",5141,70,0,0
390,"White",2444,33,0,0
391,"White",6406,70,71.8,126
391,"Yellow",6093,70,70.1,123
391,"Red (W)",5727,73,73.6,129
392,"Mens (18-hole)",2658,54,53.2,99
392,"Ladies (18-hole)",2658,54,54.3,102
393,"White",6611,72,0,0
393,"Yellow",6351,72,0,0
393,"Red (W)",5667,72,0,0
394,"White (18-hole)",6180,70,0,0
394,"Yellow (18-hole)",6022,70,0,0
394,"Red (18-hole) (W)",5520,72,0,0
395,"White",6851,72,73.2,134
395,"Yellow",6680,72,72.4,131
395,"Red (W)",5928,74,75.1,134
395,"Red",5928,69,69.1,124
396,"White (18-hole)",4490,64,0,0
396,"Yellow (18-hole)",3226,60,0,0
400,"Mens",6057,69,0,0
400,"Ladies",5444,73,0,0
401,"White",6100,70,70.6,132
401,"Yellow",5701,70,68.6,126
401,"Red (W)",5176,71,70.5,135
402,"White",6515,72,71.4,133
402,"Yellow",6293,72,70.4,127
402,"Red (W)",5610,73,72.7,132
403,"White",6602,72,0,0
403,"Yellow",6256,72,0,0
403,"Red (W)",5880,73,0,0
404,"Blue",6308,72,0,0
404,"White",5946,72,0,0
404,"Yellow",5626,72,0,0
404,"Red",5273,72,0,0
405,"Blue",6293,70,0,0
405,"White",5878,70,0,0
405,"Yellow",5704,70,0,0
405,"Red",5357,70,0,0
406,"White",6325,70,70.9,129
406,"Yellow",6066,70,69.6,123
406,"Red (W)",5233,71,70.8,121
407,"White",5604,68,67.5,111
407,"Yellow",5271,68,65.8,105
407,"Red (W)",5106,70,69.8,120
409,"White",6628,72,0,0
409,"Yellow",6016,72,0,0
409,"Red (W)",5262,71,0,0
410,"Yellow",6348,73,70.9,128
410,"Red (W)",5711,73,71.7,124
411,"White",6567,72,72.2,133
411,"Yellow",6299,72,70.9,128
411,"Red (W)",5882,75,74.4,133
411,"Blue",4859,68,63.6,113
411,"Blue (W)",4859,68,68.2,118
412,"White",6031,70,0,0
412,"Yellow",5767,69,0,0
412,"Red (W)",5463,73,0,0
413,"White",6034,70,0,0
413,"Yellow",5685,70,0,0
413,"Red (W)",5272,70,0,0
416,"White",6102,72,70.7,121
416,"Yellow",5690,72,70,117
416,"Red (W)",5051,71,66.1,111
417,"Back",6170,71,0,0
418,"Championship",6835,71,73.7,140
418,"White",6685,71,72.9,138
418,"Yellow",6281,71,71,131
418,"Red (W)",5640,72,73.3,139
419,"Blue",7250,72,0,0
419,"White",6914,72,0,0
419,"Yellow",6619,72,0,0
419,"Red (W)",5871,70,0,0
419,"Green",5493,70,0,0
420,"Blue",6672,71,0,0
420,"White",6541,71,0,0
420,"Yellow",6129,71,0,0
420,"Red (W)",5528,73,0,0
422,"Blue",6513,71,72,133
422,"White",6348,71,71.2,131
422,"Yellow",6032,71,69.3,126
422,"Yellow (W)",6032,73,75.5,136
422,"Red (W)",5629,73,73.3,132
422,"Red",5629,71,68.3,118
423,"Black",6537,73,72.2,139
423,"White",6456,73,71.9,138
423,"Yellow",6213,73,70.9,135
423,"Red",5677,73,68.8,126
423,"Blue",5254,70,67.5,119
424,"Black",6822,73,0,0
424,"White",6738,73,0,0
424,"Yellow",6275,73,0,0
424,"Red (W)",5637,74,0,0
425,"Black",7045,72,74.2,138
425,"White",6785,72,72.7,132
425,"Yellow",6486,72,71.3,131
425,"Red (W)",5757,73,73.4,134
425,"Red",5757,68,67.8,119
426,"Black",6947,72,72.9,132
426,"White",6657,72,72.5,129
426,"Yellow",6305,72,70.8,126
426,"Red",5328,69,65.8,112
426,"Red (W)",5328,71,71.4,125
427,"White",5852,69,69.4,128
427,"Yellow (W)",5662,72,73.1,133
427,"Yellow",5662,69,67.6,123
427,"Red",5182,68,65.5,113
427,"Red (W)",5182,70,70,128
428,"White",6121,70,0,0
428,"Red (W)",5444,71,0,0
430,"Black",6043,69,69.4,126
430,"White",5961,69,68.8,124
430,"Yellow (W)",5699,72,73.4,132
430,"Yellow",5699,69,67.6,120
430,"Red",5525,69,66.7,118
430,"Red (W)",5525,72,72.2,131
430,"Blue",3934,69,60,96
430,"Blue (W)",3934,69,63,99
431,"White",6938,72,73.7,127
431,"Yellow",6600,72,71.9,122
431,"Red (W)",5911,74,74.6,132
432,"White",6527,72,0,0
432,"Yellow",6147,72,0,0
432,"Red (W)",5594,72,0,0
433,"White",5933,71,68.2,115
433,"White (W)",5933,71,69.2,117
433,"White",2859,35,0,0
433,"White",1537,27,26.1,82
433,"White (W)",1537,27,27.5,85
434,"White",5689,67,67.8,126
434,"Yellow",5528,67,66.8,122
434,"Red (W)",5266,70,71,120
435,"White",6535,72,71,125
435,"Yellow",6346,72,70.1,124
435,"Red (W)",5575,72,71.6,122
436,"White",6514,72,72.2,117
436,"Yellow",6147,72,70,116
436,"Red (W)",5441,73,71.7,122
437,"White (18-hole)",2570,54,27.3,87
437,"Yellow (18-hole)",2230,54,21,86
437,"Red (18-hole) (W)",2230,54,28.5,89
437,"Blue (18-hole) (W)",1840,54,28,88
439,"White",6122,71,70.4,125
439,"Yellow",5643,71,67.8,117
439,"Red (W)",5034,71,69.9,125
440,"White",5030,66,64.6,109
440,"Yellow",4886,66,64.2,107
440,"Red (W)",4582,67,66.6,110
441,"White",6277,70,70.8,123
441,"Yellow (W)",5965,72,75.3,130
441,"Yellow",5965,70,69.4,118
441,"Red",5534,70,67.2,111
441,"Red (W)",5534,71,72.7,126
442,"Black",6226,70,0,0
442,"White",6079,70,0,0
442,"Yellow",5875,70,0,0
442,"Red (W)",5494,72,0,0
443,"White",6161,70,0,0
443,"Yellow",5854,70,0,0
443,"Red (W)",5347,70,0,0
444,"White",3310,36,0,0
444,"Yellow",3095,36,0,0
444,"Red (W)",2784,36,0,0
444,"White",3317,36,0,0
444,"Yellow",3143,36,0,0
444,"Red (W)",2797,36,0,0
444,"White",3290,35,0,0
444,"Yellow",3088,35,0,0
444,"Red (W)",2760,35,0,0
445,"White",6034,71,69.4,119
445,"Yellow",5794,71,68.1,115
445,"Red (W)",5228,71,70.3,120
446,"White",6684,72,72.2,122
446,"Yellow",6354,72,70.4,120
446,"Green",5972,72,68.6,117
446,"Green (W)",5972,72,74.6,129
446,"Red (W)",5595,73,72.2,126
447,"White",6357,71,71.2,123
447,"Yellow",6125,71,70,123
447,"Red (W)",5708,73,73.3,132
447,"Blue",4789,71,63.6,105
447,"Blue (W)",4789,73,68.1,118
448,"White",6233,72,70.5,121
448,"Yellow",5948,72,68.6,115
448,"Yellow (W)",5948,73,74.7,130
448,"Red (W)",5508,73,72.2,130
448,"Red",5508,69,66.7,108
449,"White",6234,70,0,0
449,"Yellow",5942,70,0,0
449,"Red (W)",5481,72,0,0
449,"White",2004,32,0,0
449,"Red (W)",1943,32,0,0
450,"Blue",6119,69,69.4,123
450,"Black (W)",5838,72,73.9,132
450,"Black",5838,69,68.1,118
450,"Gold",5396,71,65.7,110
450,"Gold (W)",5396,72,71.4,125
451,"Black",6169,70,70.7,123
451,"Purple",5919,70,69.5,115
451,"Purple (W)",5919,73,74.7,131
451,"Green",5543,70,67,115
451,"Green (W)",5543,73,72.9,128
452,"White",6406,71,72.3,138
452,"Yellow",6138,71,70.8,135
452,"Red (W)",5558,73,73.8,134
453,"White",5246,68,64.9,106
453,"Yellow",4988,68,63.7,107
453,"Blue",4862,68,63.7,104
453,"Red (W)",4558,69,66.7,116
454,"White (18-hole)",4867,68,65.2,114
454,"Red (18-hole) (W)",4633,68,67.2,112
455,"White",6087,71,70.8,128
455,"Yellow",5806,71,69.4,124
455,"Red (W)",5509,72,73.2,128
456,"White",6121,71,0,0
456,"Red (W)",5481,72,0,0
457,"White",5969,70,67.2,113
457,"Yellow",5769,70,66.2,112
457,"Red (W)",5028,70,65.1,109
458,"Blue",2633,34,33.2,116
458,"White",2440,33,32.2,108
458,"Yellow (W)",2215,33,33.1,113
458,"Red (W)",2086,33,32.8,111
459,"White",6738,72,73.2,133
459,"Yellow",6395,72,71.8,132
459,"Red (W)",5864,74,74.9,134
460,"White",1250,27,0,0
461,"White",6658,71,73.2,130
461,"Yellow",6307,71,71.5,130
461,"Red",5802,70,68.9,125
461,"Red (W)",5802,73,74.5,129
461,"Green",4660,68,64.6,115
461,"Green (W)",4660,71,69.9,121
462,"Championship",6335,71,71.2,119
462,"White",6152,71,70.3,117
462,"Yellow (W)",5875,71,75,126
462,"Yellow",5875,71,69,114
462,"Green",5725,71,0,0
462,"Red (W)",5379,71,72,119
462,"Red",5379,71,66.7,107
462,"Blue",4101,71,62.3,103
463,"White (18-hole)",4339,65,62.4,109
463,"Yellow (18-hole)",4242,65,62.1,106
463,"Red (18-hole) (W)",3745,66,62.1,109
464,"White",6379,72,71.3,127
464,"Yellow",6239,72,71,124
464,"Red (W)",5458,72,72.3,124
465,"White",5721,68,68.8,120
465,"Yellow",5519,68,67.8,118
465,"Red (W)",5172,70,70.7,122
466,"White",6370,72,0,0
466,"Yellow",6173,72,0,0
466,"Red (W)",5677,72,0,0
467,"White",6442,71,72.1,130
467,"Yellow",6242,71,71,129
467,"Red (W)",5434,71,72.2,125
468,"White",6092,71,0,0
468,"Yellow",5808,71,0,0
468,"Red (W)",5236,71,0,0
469,"White",6329,71,0,0
469,"Yellow",6113,71,0,0
469,"Red (W)",5361,71,0,0
470,"White",6412,72,0,0
470,"Yellow",6123,72,0,0
470,"Red (W)",5564,72,0,0
471,"White (18-hole)",5919,69,68,111
471,"Yellow (18-hole)",5819,69,67,105
471,"Red (18-hole) (W)",5261,70,69,107
472,"Blue",6474,70,72.4,134
472,"White",6311,70,71.5,133
472,"Yellow",6062,70,70.1,130
472,"Red",5490,70,67.9,120
472,"Red (W)",5490,74,73.6,134
474,"Guiness",6643,72,72,131
474,"Austen",6400,72,71,127
474,"Austen (W)",6400,74,77.2,139
474,"Hambro",5831,72,68.2,117
474,"Hambro (W)",5831,74,73.8,128
475,"White (18-hole)",5912,70,67.2,113
475,"Yellow (18-hole)",5812,70,67,111
475,"Red (18-hole) (W)",5348,70,65.1,109
476,"Black",6422,72,71.4,135
476,"White",6255,72,70.5,131
476,"Yellow",6158,72,69.9,130
476,"Red (W)",5732,73,74.4,142
477,"White",6085,70,70.2,120
477,"Yellow",5774,70,68.7,119
477,"Yellow (W)",5774,71,74.3,130
477,"Red (W)",5330,71,71.7,124
477,"Red",5330,70,66.6,112
478,"White (18-hole)",3882,62,60.8,116
478,"White (18-hole) (W)",3882,62,63.2,118
478,"Red (18-hole) (W)",3648,62,61.2,117
479,"White",6087,70,0,0
479,"Yellow",5824,70,0,0
479,"Red",5182,71,0,0
479,"Blue",4247,71,0,0
480,"White",865,27,0,0
481,"White",6249,70,70.3,121
481,"Yellow",6002,70,69.1,118
481,"Red (W)",5456,71,71.9,124
481,"Red",5456,70,66.3,116
482,"Orange/Blue (18-hole)",4082,64,60.5,92
482,"Orange/Blue (18-hole) (W)",4082,65,63.1,101
483,"White",2500,33,0,0
484,"White (18-hole)",6073,70,69.7,117
484,"Yellow (18-hole)",5895,70,68.8,115
484,"Red (18-hole)",5361,71,71.5,120
484,"Blue (18-hole)",4755,69,69.1,119
485,"Blue",6046,71,69.7,119
485,"White",5815,71,68.2,115
485,"Red (W)",5494,71,66.1,111
486,"White",6312,71,0,0
486,"Yellow",5989,71,0,0
486,"Red (W)",5243,71,0,0
486,"Green (W)",4718,71,0,0
487,"White",5458,68,66.2,108
487,"White (W)",5458,71,71.4,124
487,"Red (W)",5193,71,69.5,123
487,"Red",5193,68,65.1,100
488,"White",6291,70,0,0
488,"Yellow",6067,70,0,0
488,"Red (W)",5526,71,0,0
489,"White",6346,72,0,0
489,"Yellow",6080,72,0,0
489,"Red (W)",5403,73,0,0
489,"White",6663,72,0,0
489,"Yellow",6294,72,0,0
489,"Red (W)",5602,73,0,0
489,"White",6485,72,0,0
489,"Yellow",6132,72,0,0
489,"Red (W)",5391,72,0,0
490,"White",6368,72,71.7,123
490,"Yellow",6100,73,71,119
490,"Red (W)",5476,73,68.1,115
491,"White",6281,70,71.1,124
491,"Yellow",6062,70,70.1,123
491,"Red (W)",5564,71,72.9,125
492,"Blue",6180,71,70.2,129
492,"Yellow",5909,71,68.9,124
492,"Green",5838,71,68.6,124
492,"White",5711,71,68,123
492,"Red (W)",5603,73,72.8,132
497,"White",1804,62,0,0
498,"White",6010,70,0,0
498,"Yellow",5639,70,0,0
498,"Red (W)",5231,71,0,0
500,"Mens",1294,27,27.3,87
500,"Ladies",1294,27,28.5,89
501,"White",3218,36,0,0
501,"Yellow",3074,36,0,0
501,"Red (W)",2821,36,0,0
502,"White",6065,70,0,0
502,"Yellow",5480,70,0,0
502,"Red (W)",5338,71,0,0
506,"White",6111,69,0,0
506,"Yellow",5672,69,0,0
506,"Red (W)",5178,70,0,0
507,"White",5890,69,0,0
507,"Yellow",5521,68,0,0
507,"Red (W)",5201,70,0,0
508,"White",3037,36,0,0
508,"Red (W)",2857,36,0,0
509,"White",6220,71,71.1,131
509,"Blue",6012,71,70.3,127
509,"Yellow (W)",5784,71,74.7,135
509,"Yellow",5739,71,69.2,122
509,"Red",5400,71,67.6,118
509,"Red (W)",5400,71,72.3,129
510,"Blue",6909,72,73.1,123
510,"White",6574,72,72.4,119
510,"Yellow",6285,72,71.7,115
510,"Red (W)",5870,73,71.2,121
511,"White",6314,69,71.1,133
511,"Yellow (W)",5987,73,75.2,137
511,"Yellow",5987,69,69.1,131
511,"Red",5402,67,66.2,120
511,"Red (W)",5402,70,71.8,125
511,"Blue",4467,67,62.9,107
511,"Blue (W)",4467,67,66.2,115
512,"Purple",5891,69,69.4,123
512,"White (W)",5872,72,74.4,133
512,"White",5872,69,69.3,122
512,"Yellow",5546,69,67.6,118
512,"Yellow (W)",5546,72,72.3,125
512,"Red (W)",5298,72,71.2,126
512,"Red",5298,69,66.1,106
513,"White (18-hole)",4863,67,60.9,99
513,"Red (18-hole) (W)",4147,67,61.9,101
514,"White",5285,66,65.7,116
514,"White (W)",5285,66,71.2,133
514,"Yellow",5100,66,65,115
514,"Yellow (W)",5100,66,70,131
514,"Red",4721,64,63.1,111
514,"Red (W)",4721,64,67.6,122
515,"Black",6514,71,71.4,128
515,"White",6192,71,70.1,125
515,"Yellow (W)",5529,71,72.4,128
516,"White",6075,70,69.4,124
516,"Yellow (W)",5744,71,73.6,131
516,"Yellow",5744,70,68.1,121
516,"Red",5354,71,66.1,112
516,"Red (W)",5354,71,71.3,123
516,"Blue",5126,69,64.9,110
516,"Blue (W)",5126,69,69.9,119
517,"White",2825,35,0,0
517,"Yellow",2728,35,0,0
517,"Blue",2657,35,0,0
517,"Red",2582,35,0,0
517,"Green",2572,35,0,0
518,"White",5272,68,0,0
518,"Yellow",4988,67,0,0
518,"Red (W)",4711,69,0,0
519,"Black",6720,72,0,0
519,"White",6246,72,0,0
519,"Yellow",5993,72,0,0
519,"Red (W)",5676,72,0,0
520,"White",6295,71,71.3,131
520,"Yellow",5963,71,69.6,126
520,"Red (W)",5638,72,73.3,130
521,"Black",6966,72,73.9,142
521,"White",6591,72,72.3,133
521,"Yellow",6267,72,70.6,129
521,"Red (W)",5659,72,73.1,130
521,"Blue",5640,72,67.9,118
522,"White",6481,70,71.7,131
522,"Yellow",6182,70,70.4,128
522,"Red (W)",5724,73,73.8,134
522,"Blue",5699,70,68.3,123
524,"Black",6188,72,0,0
524,"White",5712,72,0,0
524,"Yellow",5255,71,0,0
525,"White",2015,54,0,0
526,"White",6544,72,71.7,129
526,"Yellow",6343,72,70.7,126
526,"Red (W)",5850,73,74.1,126
527,"White",6458,72,0,0
527,"Yellow",6012,72,0,0
527,"Red (W)",5432,72,0,0
528,"White",5815,69,68.9,117
528,"Yellow",5520,69,67.7,111
528,"Red (W)",5228,71,70.9,122
529,"White",6121,70,69.6,114
529,"Yellow",5760,70,67.9,112
529,"Red (W)",5561,72,72.2,123
530,"White",6653,72,71.7,124
530,"Yellow",6351,72,70.1,120
530,"Black",5976,72,69,117
530,"Black (W)",5976,72,74.3,136
530,"Red",5548,72,66.8,111
530,"Red (W)",5548,72,71.9,122
530,"Blue",5383,72,65.5,110
530,"Blue (W)",5383,72,70.9,119
531,"White",6429,72,0,0
531,"Yellow",5970,72,0,0
531,"Red (W)",5385,72,0,0
532,"White",5718,69,0,0
532,"Yellow",5504,69,0,0
532,"Red (W)",4993,72,0,0
533,"White",6066,71,69.6,118
533,"Yellow (W)",5898,71,69.2,117
533,"Yellow",5898,71,68.4,115
533,"Red",5576,73,66.8,112
533,"Red (W)",5576,73,72.4,125
533,"Blue",4366,71,66.8,112
533,"Blue (W)",4366,71,67,114
534,"White",6442,72,70.6,121
534,"Yellow",6158,71,69.3,116
534,"Red (W)",5686,74,73.2,123
535,"Silver",7134,72,0,0
535,"White",6704,72,0,0
535,"Yellow (W)",6368,72,0,0
535,"Red (W)",5505,72,0,0
536,"White",6536,72,72.9,133
536,"Yellow",6373,72,72.1,130
536,"Red (W)",5749,73,74.4,130
536,"Red",5749,72,69.7,120
536,"Blue",4721,65,64.4,110
536,"Blue (W)",4721,68,69.2,118
537,"White",1822,30,0,0
537,"Yellow",1751,30,0,0
537,"Red (W)",1727,30,0,0
538,"White (18-hole)",4344,66,66.6,95
538,"Red (18-hole) (W)",3828,66,60.8,96
538,"Blue (18-hole) (W)",3000,60,57.2,83
538,"Blue (18-hole)",3000,60,56.8,83
539,"White",6591,72,72.6,138
539,"Yellow",6292,72,70.7,133
539,"Red",5604,72,67.7,118
539,"Red (W)",5604,73,0,0
540,"White",6444,72,72,129
540,"Yellow",6033,72,70.2,121
540,"Yellow (W)",6033,72,75.8,137
540,"Red (W)",5572,72,73.1,128
540,"Red",5572,72,68.3,115
541,"White",5559,68,67.2,117
541,"Yellow",5179,68,65.5,110
541,"Red (W)",4991,69,69.9,119
541,"Red",4991,69,64.7,110
543,"White",6319,71,70.8,133
543,"Yellow",6031,71,69.5,128
543,"Yellow (W)",6031,73,75.9,137
543,"Red (W)",5532,73,72.6,129
543,"Red",5532,71,67.2,115
543,"Blue",5039,68,65.3,109
543,"Blue (W)",5039,71,69.9,121
544,"White",6269,72,0,0
544,"Blue",5974,72,0,0
544,"Yellow",5881,72,0,0
544,"Red",5478,72,0,0
545,"White",6047,70,69.8,118
545,"Yellow",5826,70,68.9,113
545,"Yellow (W)",5826,73,74.1,131
545,"Red (W)",5466,73,71.8,122
545,"Red",5466,70,67.4,109
546,"Men (18-hole)",4294,64,0,0
546,"Ladies (18-hole)",4294,64,0,0
547,"White",6579,72,72.6,127
547,"Yellow",6145,72,70.3,122
547,"Blue",5915,72,69.8,120
547,"Red",5487,71,72.7,122
548,"White",5717,70,0,0
548,"Yellow",5476,70,0,0
548,"Red (W)",4787,70,0,0
549,"White",6168,71,0,0
549,"Yellow",5988,71,0,0
549,"Red (W)",5608,73,0,0
550,"White",6055,68,70.1,127
550,"Yellow",5876,68,69.1,124
550,"Red (W)",5217,72,71,133
550,"Blue",4924,68,65.1,108
550,"Blue (W)",4924,72,69.5,123
551,"White",6183,71,70.5,121
551,"Yellow",5968,71,69.7,116
551,"Red (W)",5443,72,71.7,123
552,"White (18-hole)",6128,69,0,0
552,"Yellow (18-hole)",5671,69,0,0
552,"Red (18-hole) (W)",5318,70,0,0
553,"White",6261,72,0,0
553,"Yellow",6008,72,0,0
553,"Red (W)",5465,73,0,0
554,"White",6152,70,0,0
554,"Red (W)",5524,72,0,0
555,"White",6424,72,0,0
555,"Yellow",6025,72,0,0
555,"Red (W)",5623,72,0,0
556,"White",6724,72,0,0
556,"Yellow",6367,72,0,0
556,"Red (W)",5850,74,0,0
557,"61",6111,70,71.2,126
557,"57",5725,70,68.7,124
557,"57 (W)",5725,70,0,0
557,"53",5306,70,72.4,128
557,"53 (W)",5306,70,0,0
557,"50",5004,70,69.9,129
557,"50 (W)",5004,70,0,0
557,"47",4755,70,0,0
557,"47 (W)",4755,70,0,0
558,"White",6253,70,69.9,117
558,"Yellow",6018,70,68.9,114
558,"Red",5310,70,71.1,117
558,"Blue",5167,70,64.7,109
558,"Blue (W)",5167,70,0,0
558,"Blue (W)",5167,70,70,118
559,"White",5768,70,0,0
559,"Yellow",5548,70,0,0
559,"Red (W)",5044,70,0,0
560,"White",6207,70,69.6,123
560,"Yellow",5872,70,68,115
560,"Red (W)",5615,73,72.4,126
560,"Blue",4372,69,61.3,98
560,"Blue (W)",4372,69,64.8,107
561,"White",6209,71,0,0
561,"Yellow",5718,70,0,0
561,"Red (W)",5340,72,0,0
562,"White/Summer",6128,69,71,132
562,"White/Winter",6128,69,72.4,140
562,"Yellow/Summer",5804,69,69.3,123
562,"Yellow/Winter",5804,69,70.8,128
562,"Red/Summer (W)",5386,72,72.4,134
562,"Red/Summer",5386,69,67.2,121
562,"Red/Winter",5386,69,69.2,127
562,"Red/Winter (W)",5386,72,74.8,137
562,"Blue",4335,65,0,0
563,"White",6180,70,0,0
563,"Yellow",5994,70,0,0
563,"Red (W)",5514,73,0,0
564,"White",6292,70,70.8,132
564,"Yellow",5994,70,69.3,128
564,"Red (W)",5569,72,72.5,130
565,"White",6519,72,72.4,136
565,"Yellow",6311,72,71.3,135
565,"Red (W)",5701,72,73.5,130
566,"White",6199,71,0,0
566,"Yellow",5953,71,0,0
566,"Red (W)",5420,72,0,0
567,"White",6083,71,0,0
567,"Yellow",5790,71,0,0
567,"Red (W)",5536,72,0,0
568,"White",6062,70,70.7,135
568,"Yellow",5812,70,69.3,135
568,"Red (W)",5344,71,72.8,133
571,"White",1251,27,0,0
572,"White",6893,73,0,0
572,"Yellow",6712,73,0,0
572,"Blue",6176,73,0,0
572,"Red (W)",5642,73,0,0
574,"White (18-hole)",4961,66,0,0
574,"Red (18-hole) (W)",4868,68,0,0
575,"White",5770,71,0,0
575,"Yellow",5317,71,0,0
575,"Red (W)",4789,71,0,0
576,"Yellow",6315,70,0,0
576,"Red (W)",5648,73,0,0
577,"White",6403,72,72.2,141
577,"Yellow",6165,72,71.2,135
577,"Red (W)",5622,72,74,132
577,"Red",5622,70,68.5,131
578,"White",6169,71,71.2,134
578,"Yellow",5841,71,69.8,127
578,"Blue",5766,71,69.5,125
578,"Blue (W)",5766,73,74.8,131
578,"Red (W)",5220,71,71.5,124
579,"Blue",6819,74,73.2,137
579,"White",6546,74,71.9,134
579,"Yellow",6238,74,70.5,130
579,"Red (W)",5620,74,73.2,128
580,"White",2473,34,0,0
581,"White",6579,72,73.1,138
581,"Yellow",6368,72,72,136
581,"Red (W)",5784,74,75,134
581,"Red",5784,72,68.8,129
582,"White",6486,72,72.4,130
582,"Yellow",6273,72,71.3,130
582,"Yellow/Winter",6273,72,68.6,127
582,"Red (W)",5634,73,74.2,133
582,"Red/Winter (W)",5634,73,72.5,132
583,"White",5297,71,67.4,110
583,"Yellow",5090,71,66,106
583,"Red (W)",4780,71,68.9,118
584,"White",6598,72,73.2,126
584,"Yellow",6264,71,71.9,123
584,"Red (W)",5775,73,75,125
585,"White",6547,72,72.4,138
585,"Yellow",6213,72,70.6,133
585,"Red (W)",5659,73,73.8,139
585,"Purple",4762,73,68.2,123
586,"White",2059,31,0,0
586,"Yellow",1840,31,0,0
586,"Red (W)",1695,31,0,0
587,"Green",3517,36,0,0
587,"White",3316,36,0,0
587,"Yellow",3080,36,0,0
587,"Red (W)",2786,36,0,0
587,"Green",3317,35,0,0
587,"White",3061,35,0,0
587,"Yellow",2869,35,0,0
587,"Red (W)",2524,35,0,0
588,"Green",3299,36,0,0
588,"White",3139,36,0,0
588,"Yellow",2995,36,0,0
588,"Red (W)",2716,36,0,0
588,"Green",3471,35,0,0
588,"White",3296,35,0,0
588,"Yellow",3128,36,0,0
588,"Red (W)",2787,35,0,0
589,"Black",6443,72,0,0
589,"White",6351,72,71.7,135
589,"Yellow",6162,72,70.9,131
589,"Red (W)",5687,73,74.3,136
590,"Black",6500,72,71.2,137
590,"White",6204,72,70.1,134
590,"Yellow",5800,71,67.9,129
590,"Yellow (W)",5800,71,69.2,131
590,"Red (W)",5264,72,70.6,135
591,"White",6362,71,71,124
591,"Yellow",6041,71,69.3,122
591,"Red (W)",5652,73,73.4,127
592,"Gold",6388,72,72,128
592,"White",6294,71,71.2,127
592,"Red",5357,72,66.8,118
592,"Red (W)",5357,72,71.9,129
593,"Mens",2954,35,0,0
593,"Ladies",2360,35,0,0
593,"Juniors",1721,35,0,0
594,"White",6444,72,71.5,130
594,"Gold",6200,72,70.4,132
594,"Green",5881,70,68.6,123
594,"Purple (W)",5600,72,73.6,134
594,"Purple",5600,72,68,117
594,"Red (W)",5518,72,73.1,133
595,"White",6422,71,71.3,127
595,"Yellow",6169,71,70.2,121
595,"Blue",6046,71,69.3,124
595,"Red (W)",5618,73,73,126
596,"White",6364,70,71.5,130
596,"Yellow",6161,70,70.4,123
596,"Red (W)",5748,72,74,132
596,"Blue",4317,69,62.1,97
596,"Blue (W)",4317,70,63.1,99
597,"White",6474,71,71.6,129
597,"Yellow",6197,71,70.2,125
597,"Orange",5856,70,68.7,121
597,"Orange (W)",5856,73,74.5,129
597,"Red (W)",5822,73,74.4,129
598,"White",5816,69,68.6,128
598,"Yellow",5610,69,67.8,125
598,"Red (W)",5344,72,71.5,131
598,"Blue",5344,69,66.4,122
599,"White (18-hole)",6142,72,70.4,125
599,"Yellow (18-hole)",5956,72,69.4,121
599,"Red (18-hole) (W)",5192,72,70.6,126
599,"Red (18-hole)",5192,72,65.4,116
600,"White",5630,69,68.5,123
600,"Yellow",5154,69,66.1,116
600,"Red (W)",4917,69,69,119
600,"Blue",4676,68,63.1,106
600,"Blue (W)",4676,68,67.5,113
601,"White",6622,72,72.4,133
601,"Yellow",6389,72,71.1,130
601,"Red (W)",5732,74,74.2,132
601,"Red",5732,72,68.1,123
602,"White",6260,70,0,0
602,"Yellow",6080,70,0,0
602,"Red (W)",5283,71,0,0
603,"White",6040,69,0,0
603,"Yellow",5777,69,0,0
603,"Red (W)",5397,72,0,0
604,"White (18-hole)",1498,54,26.5,88
604,"White (18-hole) (W)",1498,54,27.1,91
605,"White",6455,71,72.3,141
605,"Yellow",6083,71,70.4,133
605,"Yellow (W)",6083,72,76,139
605,"Red (W)",5526,72,73.4,134
605,"Red",5526,71,67.7,129
606,"White",6038,70,0,0
606,"Yellow",5847,69,0,0
606,"Red (W)",5381,71,0,0
607,"White",5401,69,0,0
607,"Yellow",5205,68,0,0
607,"Red (W)",4925,70,0,0
608,"White (18-hole)",6469,72,72,127
608,"Yellow (18-hole)",6197,72,70.6,121
608,"Yellow/Winter (18-hole)",6022,72,69.5,121
608,"Red (18-hole) (W)",5739,73,74.4,126
608,"Red (18-hole)",5739,70,68.2,117
609,"Blue",7497,74,0,0
609,"Championship",7207,74,0,0
609,"White",7154,74,0,0
609,"Yellow",6648,74,0,0
609,"Red",5963,69,0,0
610,"Blue (18-hole0",5856,70,0,0
610,"White (18-hole)",5630,70,67.2,116
610,"Yellow (18-hole)",5366,70,65.8,133
610,"Red (18-hole)",5074,70,69,115
611,"White/Red Course (18-hole)",6357,72,71.2,130
611,"Yellow/Red Course (18-hole)",6178,72,70.3,125
611,"Red/Red Course (18-hole) (W)",5697,74,73.4,128
611,"Blue/Blue Course (18-hole)",5522,68,66.9,115
611,"Yellow/Blue Course (18-hole)",5384,68,66.1,115
611,"Red/Blue Course (18-hole) (W)",4992,69,69.4,118
612,"White (18-hole)",4302,67,61.6,99
612,"Yellow (18-hole)",4100,66,61.2,100
612,"Red (18-hole)",3913,68,62.9,99
613,"White",6151,70,69.8,125
613,"Yellow",5827,69,68.1,123
613,"White Alt",5827,69,69.3,124
613,"Red (W)",5507,71,72.2,122
614,"White",6003,69,69.1,130
614,"Yellow",5705,69,68.1,127
614,"Red (W)",5422,70,72.4,128
615,"White",1203,27,0,0
615,"Yellow",1142,27,0,0
615,"Red (W)",1081,27,0,0
616,"Blue",6248,72,70.4,140
616,"Yellow",5950,72,68.6,131
616,"Yellow (W)",5950,72,75,142
616,"Red (W)",5336,72,71.5,134
616,"Red",5336,72,65.7,125
617,"White",6184,72,0,0
617,"Yellow",5933,72,0,0
617,"Red (W)",5581,74,0,0
617,"Blue",5120,72,0,0
617,"Blue (W)",5120,74,0,0
618,"White",5562,69,66.2,111
618,"Yellow",5303,69,63.1,105
618,"Red (W)",4867,68,66,107
620,"White",6005,69,67.7,115
620,"Yellow",5724,68,66.2,111
620,"Red (W)",4950,70,68,111
622,"White",5966,69,69.4,125
622,"Yellow",5653,69,68.1,120
622,"Yellow (W)",5653,70,73.7,133
622,"Red (W)",5211,70,70.6,126
623,"White",3420,36,0,0
623,"Red (W)",2804,36,0,0
624,"White",6244,71,70.4,120
624,"Yellow",6005,71,69.3,117
624,"Red (W)",5570,74,73.8,129
626,"Blue",6857,72,74.2,137
626,"White",6521,72,72.7,135
626,"Yellow",6158,72,70.9,131
626,"Red (W)",5229,72,71.6,129
627,"White",2039,31,29.1,99
627,"Yellow",1592,30,29.55,98
627,"Yellow (W)",1592,30,30.25,101
627,"Red (W)",1528,30,30.1,98
628,"White",5032,67,64.5,108
628,"Yellow",4616,66,62.5,104
628,"Red (W)",4448,67,65.6,109
629,"White (18-hole)",5480,66,66.7,121
629,"Red (18-hole) (W)",5353,70,71.4,124
629,"Yellow (18-hole)",5291,66,66,122
629,"Yellow (18-hole) (W)",5291,70,71.1,122
629,"Blue (18-hole)",4848,66,63.7,114
629,"Blue (18-hole) (W)",4848,69,68.4,116
630,"White",6994,73,0,0
630,"Yellow",6539,72,0,0
630,"Red (W)",5621,73,0,0
631,"White",6046,71,69.7,119
631,"Yellow",5949,71,68.2,115
631,"Red (W)",4695,72,66.9,109
633,"White",6577,72,73.3,138
633,"Yellow",6404,72,72,133
633,"Red (W)",5848,74,75.4,132
634,"White",6141,70,71.3,127
634,"Yellow",5812,70,69.3,125
634,"Red (W)",5629,74,74.9,134
634,"Yellow I",5477,70,67,113
634,"Blue",5375,70,66,113
634,"Blue (W)",5375,74,66,113
635,"White",6235,70,0,0
635,"Yellow",6026,70,0,0
635,"Red (W)",5499,71,0,0
636,"White",5686,69,67.6,119
636,"Yellow",5433,69,66.7,115
636,"Blue",5397,69,66.5,111
636,"Red (W)",5169,70,70.3,120
638,"White",6420,71,0,0
638,"Yellow",6144,71,0,0
638,"Blue",5772,71,0,0
638,"Red (W)",5458,72,0,0
639,"White",5865,69,0,0
639,"Yellow",5545,69,0,0
639,"Red (W)",5270,72,0,0
640,"Blue",7001,71,0,0
640,"White",6741,71,0,0
640,"Yellow",6455,71,0,0
640,"Red (W)",5913,75,0,0
641,"White",6673,71,0,0
641,"Blue",6450,71,0,0
641,"Yellow",6102,71,0,0
641,"Red (W)",5550,73,0,0
642,"White",6841,72,0,0
642,"Blue",6609,72,0,0
642,"Yellow",6300,72,0,0
642,"Red (W)",5759,74,0,0
643,"White",6076,70,71.2,131
643,"Yellow",5870,70,70.2,130
643,"Red/Blue (W)",5449,71,74.1,133
643,"Green",4886,68,67.6,122
643,"Green (W)",4886,68,73.2,137
644,"White (18-holes)",5886,72,69.8,135
644,"Yellow (18-holes)",5702,72,68.9,131
644,"Red (W) (18-holes)",5491,72,73.1,130
645,"White",6326,71,71,130
645,"Yellow",6117,73,69.9,128
645,"Red (W)",5594,74,72.9,133
645,"Red",5594,68,67.5,121
645,"Blue",5282,69,65.7,114
645,"Blue I",5157,68,65.1,112
645,"Red I",4968,71,69.3,121
645,"Green",4843,70,68.5,120
646,"Black",6921,72,74.3,126
646,"White",6704,72,73,128
646,"Yellow",6506,72,72,130
646,"Blue",6325,72,71.3,126
646,"White I",6302,72,71.3,126
646,"Yellow I",6273,72,71.3,126
646,"Blue I",5547,72,67.4,126
646,"Red (W)",5545,72,73.5,126
646,"Red I",3428,72,73.5,126
647,"White",6211,70,70.1,120
647,"Yellow",5904,70,68.8,118
647,"Red (W)",5139,70,69,119
648,"White",6543,72,71.9,123
648,"Yellow",6232,72,70.1,121
648,"Red (W)",5468,73,71.9,126
649,"White",5974,70,0,0
649,"Yellow",5744,70,0,0
649,"Red (W)",5561,72,0,0
650,"White/Main",6576,72,0,0
650,"Yellow/Main",6331,72,0,0
650,"Yellow/Winter",5785,70,0,0
650,"Red/Main (W)",5644,75,0,0
650,"Red/Winter",5228,72,0,0
651,"White",5554,67,68,117
651,"Yellow",5309,67,66.8,113
651,"Green",4987,67,65.3,110
651,"Red (W)",4981,69,69.3,119
651,"Red",4981,67,65.2,110
651,"Orange",4854,69,68.6,117
652,"White",5925,69,68.4,116
652,"Yellow",5490,69,66.3,111
652,"Red (W)",5296,71,70.7,120
653,"White",6140,70,70.1,125
653,"Yellow",5832,70,68.2,121
653,"Red (W)",5466,72,72.2,127
654,"White",6189,71,69.7,119
654,"Yellow (W)",5813,72,70.2,119
654,"Yellow",5813,71,68.2,115
654,"Red (W)",5271,72,67.1,113
654,"Winter",5237,67,0,0
655,"White",6439,72,70.9,126
655,"Yellow",6220,72,69.6,125
655,"Yellow (W)",6220,72,75.7,133
655,"Blue",6130,71,67.3,121
655,"Green",5610,72,67.3,121
655,"Red (W)",5527,72,72.6,123
655,"Red",5527,72,67,117
657,"White",6400,72,0,0
658,"White",6663,73,0,0
658,"Yellow",6223,73,0,0
658,"Red (W)",5748,74,0,0
659,"White",5859,71,68.7,117
659,"Yellow (W)",5675,74,73.4,126
659,"Yellow",5675,71,67.7,109
659,"Red",5275,70,64.7,105
659,"Green",5251,71,65.9,109
659,"Red (W)",5197,73,70.5,117
660,"White",6673,71,72.7,136
660,"Yellow",6341,71,71,130
660,"Red (W)",5727,73,73.8,130
661,"White (18-hole)",6372,70,70.8,133
661,"Yellow (18-hole)",6168,70,69.8,130
661,"Red (18-hole) (W)",5474,70,72.4,129
662,"White",3280,59,57.6,96
662,"White (W)",3280,59,60.2,98
662,"Yellow",3106,59,57.1,94
662,"Yellow (W)",3106,59,59.7,97
663,"Gold",3002,35,0,0
663,"Silver",2939,35,0,0
663,"Bronze",2689,36,0,0
664,"White (18-hole)",5839,69,68.4,120
664,"Yellow (18-hole)",5594,69,67.3,120
664,"Red (18-hole)",5286,73,70.7,118
665,"White",6131,70,70.7,133
665,"Yellow",5885,70,69.6,130
665,"Red (W)",5295,71,72.3,125
666,"White",5853,69,0,0
666,"Yellow",5622,69,0,0
666,"Red (W)",5222,71,0,0
667,"White",6202,70,70.3,130
667,"White (W)",6202,73,75.1,140
667,"Yellow",5980,70,69.3,128
667,"Yellow (W)",5980,73,74.3,137
667,"Red",5407,70,67,120
667,"Red (W)",5407,73,71.9,129
668,"White (W)",6084,70,75.7,130
668,"White",6084,70,70.7,128
668,"Yellow",5710,70,69,125
668,"Yellow (W)",5710,70,73.6,125
668,"Yellow I",5380,70,67.3,120
668,"Red",5350,72,67.4,121
668,"Red (W)",5350,72,71.7,120
668,"Red I",5225,72,71,119
668,"Green",4930,72,65.7,117
668,"Green (W)",4930,72,69.4,116
669,"White",6641,72,0,0
669,"Yellow",6321,72,0,0
669,"Red",5500,73,0,0
670,"White",6086,70,70.7,127
670,"White (W)",6086,73,76.9,135
670,"Yellow",5772,70,68,121
670,"Yellow (W)",5772,73,75.2,129
670,"Red (W)",5377,73,72.8,125
670,"Red",5377,70,67.2,115
671,"White",2181,31,29.5,84
671,"White (W)",2181,31,30.5,86
673,"Black (18-hole)",5783,72,0,0
673,"Yellow (18-hole)",5618,72,67.5,113
673,"Red (18-hole)",4955,72,68.4,114
674,"White",6615,72,73.1,123
674,"Yellow",6131,72,72.4,119
674,"Red (W)",5631,73,70.2,119
675,"White",6330,70,70.7,121
675,"Yellow",5820,68,68.2,117
675,"Red (W)",5158,70,70,119
677,"White",6276,70,0,0
677,"Yellow",5991,70,0,0
677,"Red",5299,73,0,0
678,"Black (W)",6777,71,74.4,135
678,"Black",6777,71,73.1,133
678,"Silver (W)",6475,71,72.8,132
678,"Silver",6475,71,71.5,130
678,"Gold",6036,69,69.6,124
678,"Gold (W)",6036,75,75.8,140
678,"Orange",5797,69,68.5,122
678,"Orange (W)",5797,74,74.4,138
678,"Green",4664,64,63.4,110
678,"Green (W)",4664,68,67.8,123
679,"White",5535,68,0,0
679,"Yellow",5172,67,0,0
679,"Red",4718,68,0,0
680,"Blue",6869,71,74,134
680,"White",6590,71,72.8,129
680,"Yellow",6140,71,70.6,128
680,"Red (W)",5449,74,72.7,135
681,"White",6063,70,69.9,126
681,"Yellow (W)",5820,70,68.7,120
681,"Yellow",5478,70,67.6,115
681,"Red (W)",5022,70,69.8,119
682,"White",5993,69,0,0
682,"Yellow",5712,69,0,0
682,"Red (W)",5167,71,0,0
683,"White",5875,69,0,0
683,"Yellow",5767,69,0,0
683,"Red (W)",5189,72,0,0
685,"White",6368,72,71.4,122
685,"Yellow",6106,72,70,121
685,"Red (W)",5310,72,72.1,127
686,"White",6027,71,69.8,130
686,"Yellow",5745,71,68.4,128
686,"Red (W)",5308,73,71.7,122
686,"Red",5308,68,66.7,122
687,"White",5348,68,66.5,128
687,"Yellow",5126,68,65.4,118
687,"Red (W)",4853,70,68.5,123
689,"White",6109,70,70.4,126
689,"Yellow",5979,70,69.3,124
689,"Yellow/Winter",5720,70,68.5,122
689,"Red (W)",5510,73,72.7,128
689,"Red",5510,67,67.3,120
689,"Red/Winter (W)",5230,73,71.1,124
689,"Green",4748,70,63.9,114
689,"Green (W)",4748,73,68.4,118
689,"Short",3943,70,61.5,108
689,"Short (W)",3943,73,63.8,108
689,"Orange (W)",3034,73,59.3,97
689,"Orange",3032,70,58.2,97
690,"White",6110,72,0,0
690,"Yellow",5856,72,0,0
690,"Red (W)",5439,72,0,0
691,"White",6564,72,0,0
691,"Yellow",6248,72,0,0
691,"Red",5577,73,0,0
692,"Burgundy",6134,70,70,131
692,"Burgundy (W)",6134,70,75.8,136
692,"Yellow",5876,70,68.7,128
692,"Yellow (W)",5876,70,74.5,134
692,"Blue",5535,70,67.7,125
692,"Blue (W)",5535,70,73.6,139
693,"White",6468,72,0,0
693,"Yellow",6363,72,0,0
693,"Green",5885,72,0,0
693,"Red (W)",5276,73,0,0
694,"White",6026,70,70.3,132
694,"Yellow",5823,70,69.1,126
694,"Yellow (W)",5823,73,67.9,124
694,"Red (W)",5360,73,72.3,128
695,"White",6447,72,0,0
695,"Yellow",6109,72,0,0
695,"Red (W)",5345,72,0,0
696,"Yellow",5174,68,62.1,104
696,"Red (W)",5084,68,63.1,106
697,"White (W)",6291,72,76.4,134
697,"White",6291,71,70.7,126
697,"Yellow",6067,71,69.7,124
697,"Yellow (W)",6067,72,75.1,131
697,"Red",5440,72,66.8,119
697,"Red (W)",5440,72,71.6,125
697,"Blue",5400,72,71.6,125
697,"Green",5378,72,71.6,125
698,"Blue",3965,64,60.9,98
698,"Blue (W)",3965,64,63.2,108
699,"Blue",6916,71,74.8,144
699,"White",6526,71,73,141
699,"White (W)",6526,76,79.3,149
699,"Yellow",6245,71,71.8,138
699,"Yellow (W)",6245,76,77.7,147
699,"Red",6015,71,70.7,136
699,"Red (W)",6015,76,76.7,145
699,"Black",5567,70,68.7,123
699,"Black (W)",5567,74,74,139
699,"Green",5199,68,66.5,115
699,"Green (W)",5199,73,72,133
700,"White",1010,27,0,0
701,"White",6323,72,70.9,129
701,"Yellow",6020,72,69.5,126
701,"Red",5606,72,72.8,128
702,"Black",6740,72,73.8,142
702,"White",6573,72,73.1,141
702,"Yellow",6242,72,71.5,138
702,"Red",5586,73,74.3,139
703,"Red",2182,27,0,0
703,"White",1336,27,0,0
703,"Yellow",1217,27,0,0
704,"Puncheon (18-holes)",5133,69,0,0
704,"HogsHead (18-holes)",5020,68,0,0
704,"HogsHead (18-holes) (W)",5020,73,0,0
705,"White",4957,65,64.6,108
705,"Yellow",4768,65,63.8,107
705,"Red (W)",4522,71,66.9,110
706,"Blue",6609,70,72.8,131
706,"White",6263,70,71.1,125
706,"Yellow",5877,70,69.4,118
706,"Red (W)",5726,73,74.4,138
706,"Green",5320,70,67.2,113
706,"Green (W)",5320,71,72,129
707,"White",6318,70,68.7,117
707,"Yellow",5835,70,67.2,113
707,"Red (W)",5323,74,69.4,117
707,"Red",5323,68,0,0
708,"White",2214,31,0,0
708,"Yellow",2058,31,0,0
708,"Red",2017,31,0,0
708,"Blue",1954,31,0,0
709,"White",5359,67,66.3,122
709,"Yellow",4904,67,64.3,117
709,"Red",4749,68,68.1,125
710,"Black",6207,70,69.4,123
710,"Blue",5591,70,66.6,113
710,"Blue (W)",5591,70,71.5,131
710,"White",4880,70,63.5,107
710,"White (W)",4880,70,68.5,118
710,"Red (W)",4537,70,65,112
711,"White",5266,66,66,121
711,"Yellow",4729,66,63.5,115
711,"Red (W)",4635,66,67.7,116
712,"White",6200,70,70.4,125
712,"White (W)",6200,75,76.8,139
712,"Yellow",5826,68,68.6,122
712,"Yellow (W)",5826,71,74.8,135
712,"Red (W)",5384,71,72.3,130
712,"Red",5384,68,66.6,118
713,"White",5528,68,0,0
713,"Yellow",5276,67,0,0
713,"Red (W)",4687,65,0,0
714,"Blue",6968,73,0,0
714,"White",6632,73,0,0
714,"Yellow",6348,73,0,0
714,"Red (W)",5774,75,0,0
715,"Yellow",1399,27,27.2,87
715,"Yellow (W)",1399,27,27.4,89
715,"Red",1210,27,26,85
715,"Red (W)",1210,27,29.2,87
716,"White",5921,68,69,120
716,"Yellow",5652,68,67.7,117
716,"Green",5041,67,64.9,112
716,"Green (W)",5041,68,69.8,119
716,"Black",4192,66,62,106
716,"Black (W)",4192,66,65.1,110
717,"White",5943,68,69.5,125
717,"Yellow",5731,68,68.3,122
717,"Green",5400,68,66.5,122
717,"Green (W)",5400,71,71.8,124
717,"Black",4070,66,61.6,110
717,"Black (W)",4070,67,64.2,109
718,"White",6945,72,75.2,139
718,"Yellow",6589,70,73.6,135
718,"Green",6139,70,71.5,130
718,"Green (W)",6139,74,77.3,140
718,"Black",5610,70,69.1,126
718,"Black (W)",5610,71,74.4,135
719,"White",6585,71,0,0
719,"Yellow",6102,70,0,0
719,"Green",5474,70,0,0
720,"White",4771,67,0,0
721,"White",6226,70,70.8,130
721,"Yellow",5956,70,69.5,128
721,"Red (W)",5196,72,70.7,127
722,"Medal/Red (18-hole)",4752,66,63.2,101
722,"Medal/Red (18-hole) (W)",4752,68,67.5,114
722,"Box/Blue (18-hole)",4638,66,0,0
723,"Black",7165,71,75.3,142
723,"Blue",6705,72,73.3,138
723,"White",6300,72,71.3,135
723,"Green (W)",5460,74,72.7,129
723,"Green",5460,71,67.2,118
723,"Silver",4795,74,65.9,116
723,"Silver (W)",4795,74,71.4,127
724,"White",4471,62,62.5,104
724,"Yellow",4236,61,61.7,102
724,"Red (W)",3636,63,62.9,105
725,"White",6566,72,0,0
725,"Yellow",5872,72,0,0
725,"Red",5439,73,0,0
727,"Champ",7014,71,75.3,144
727,"Medal",6640,71,73.6,141
727,"Standard",6106,71,71.1,136
727,"Forward",5441,71,68.1,130
728,"White",5895,68,68.6,119
728,"Yellow",5726,68,67.7,116
728,"Red (W)",5141,70,70.1,121
729,"White (W)",5271,68,71.6,133
729,"White",5271,68,66.5,116
729,"Red",4728,70,63.8,113
729,"Red (W)",4728,70,68.6,128
729,"Junior",4516,66,0,0
730,"White",6204,70,70.5,131
730,"White (W)",6204,73,76.8,138
730,"Yellow",5839,70,68.7,128
730,"Yellow (W)",5839,73,74.7,135
730,"Red",5466,70,67.2,125
730,"Red (W)",5466,73,72.8,130
735,"Gents Medal",5030,65,0,0
735,"Gents Box",4746,65,0,0
735,"Ladies",4658,69,0,0
736,"White",6379,71,71.7,132
736,"White (W)",6379,74,76.5,135
736,"Yellow",5993,70,69.6,129
736,"Yellow (W)",5993,73,74.3,132
736,"Blue",5539,68,67.6,124
736,"Blue (W)",5539,71,71.8,129
736,"Red",5292,71,66.4,122
736,"Red (W)",5292,71,70.8,127
737,"Championship",6908,71,75.1,145
737,"Medal",6551,71,73.7,140
737,"Members",6279,71,72.3,135
737,"Blue",5973,71,70.9,131
737,"Blue (W)",5973,76,76.3,144
737,"Green (W)",5571,75,74.4,136
737,"Green",5571,71,68.9,126
738,"White",6852,72,74.2,137
738,"White (W)",6852,75,81,147
738,"Yellow",6484,72,72.5,131
738,"Yellow (W)",6484,75,79.1,142
738,"Red",6094,72,70.7,126
738,"Red (W)",6094,75,77,137
740,"White (18-hole)",5776,68,0,0
740,"Yellow (18-hole)",5512,68,0,0
740,"Red (18-hole) (W)",4990,68,0,0
742,"White",5897,71,0,0
742,"Red",5224,71,0,0
742,"Yellow",5021,71,0,0
743,"White",6118,68,69.4,115
743,"White (W)",6118,74,75,129
743,"Yellow",5931,68,68.7,113
743,"Yellow (W)",5931,73,73.9,127
743,"Red (W)",5526,72,71.7,122
743,"Red",5526,67,66.8,109
744,"White",6024,70,0,0
744,"Yellow",5872,70,0,0
744,"Red (W)",5349,72,0,0
745,"White",6265,71,71,134
745,"Yellow",5987,71,69.8,130
745,"Red (W)",5472,73,72.2,127
746,"Yellow",2455,36,31.5,101
746,"Red",2380,36,31.9,102
747,"White (18-hole) (W)",4848,68,70.2,124
747,"White (18-hole)",4848,66,65.8,123
747,"Red (18-hole)",4542,66,64.8,121
747,"Red (18-hole) (W)",4542,68,68.4,120
747,"Yellow (18-hole)",4540,66,64.2,121
747,"Yellow (W)",4540,68,68,121
748,"White (18-hole)",5710,68,66.9,115
748,"Yellow (18-hole)",5466,68,65.6,112
748,"Red (18-hole) (W)",5070,70,68.6,110
749,"White",5315,69,0,119
749,"Yellow",5014,69,0,116
749,"Red (W)",4744,70,0,113
750,"White",5276,69,65.7,114
750,"Yellow",4866,67,63.6,110
750,"Yellow (W)",4866,67,64.9,111
750,"Red (W)",4807,68,67.8,112
751,"White",5278,67,66.5,117
751,"Yellow",5037,67,65.5,115
751,"Red (W)",4429,68,66.5,113
752,"White",6526,72,0,0
752,"Yellow",6225,72,0,0
752,"Red (W)",5391,72,0,0
753,"White",6275,70,70.6,124
753,"Yellow",6048,70,69.5,122
753,"Red (W)",5773,73,74,127
753,"Blue",4801,67,63.9,110
753,"Blue (W)",4801,69,68.2,113
754,"Championship",6873,71,73.9,127
754,"White",6583,71,72.6,126
754,"Yellow",6162,71,70.4,122
754,"Red (W)",5903,74,75,131
755,"White",2345,31,0,0
755,"Yellow",2252,31,0,0
755,"Red (W)",2195,35,0,0
756,"White (W)",5861,69,73.4,132
756,"White",5861,69,69.6,123
756,"Yellow",5402,67,67.5,119
756,"Yellow (W)",5402,72,70.8,127
756,"Green",5219,69,66.2,116
756,"Green (W)",5219,69,69.9,125
756,"Red",5207,67,66.2,116
756,"Red (W)",5207,72,69.9,125
757,"White (W)",6651,74,79.3,143
757,"White",6651,72,73.1,135
757,"Yellow",6185,72,70.8,130
757,"Yellow (W)",6185,74,76.7,137
757,"Red",5340,69,67,116
757,"Red (W)",5340,74,71.8,124
758,"Blue",6855,72,0,0
758,"White",6296,72,0,0
758,"Yellow",6009,72,0,0
758,"Red (W)",5601,73,0,0
759,"White",6251,72,70.7,126
759,"White (W)",6251,71,77.1,133
759,"Yellow",5914,72,69.3,123
759,"Yellow (W)",5914,71,75.4,130
759,"Red",5428,72,67.3,118
759,"Red (W)",5428,71,73,125
760,"Gold",2480,33,32.7,105
760,"Silver",2312,32,31.8,104
760,"Silver (W)",2312,32,32.6,114
760,"Yellow",2312,32,31.1,101
760,"Bronze (W)",2257,33,33,107
760,"Orange",1543,32,28.7,90
760,"Orange (W)",1543,32,28.9,94
761,"Championship",6669,71,72.5,127
761,"Competition",6550,71,72,125
761,"Visitor & Members/Yellow",6310,71,70.8,123
761,"Visitor & Members/Red",5791,72,73.6,123
762,"White",6721,72,73.1,132
762,"Blue",6387,72,71.4,129
762,"Green",6032,72,69.9,125
762,"Green (W)",6032,76,75.5,138
763,"Black",7512,71,77.1,142
763,"Blue",7002,71,74.8,137
763,"White",6550,71,72.7,134
763,"Green",6027,71,70.6,133
763,"Green (W)",6027,73,76.3,136
763,"Red (W)",5216,71,71.2,125
764,"Black",7226,72,75.6,141
764,"White",6853,72,73.4,138
764,"Green",6408,72,71.3,133
764,"Blue",6057,72,70,128
764,"Red",5231,72,66.1,119
765,"White",5837,70,69.4,131
765,"Yellow",5648,70,68.5,130
765,"Red",5093,69,65.8,125
765,"Red (W)",5093,72,71.2,132
766,"Yellow",2368,31,30.3,106
766,"Red (W)",2303,31,32.3,108
767,"White",4976,67,65.6,122
767,"White (W)",4976,68,69.6,127
767,"Yellow",4725,67,64.3,119
767,"Yellow (W)",4725,68,68.1,123
767,"Red (W)",4398,67,66.3,119
767,"Red",4398,66,62.8,115
769,"White (18-hole)",4542,68,62.6,120
769,"Yellow (18-hole)",4428,68,62.2,118
769,"Red (18-hole) (W)",3766,68,62.8,104
770,"White",6217,72,70.2,132
770,"Yellow",5464,68,66.7,125
770,"Blue",5293,69,63.1,105
770,"Blue (W)",5293,69,64.1,107
770,"Red (W)",4850,71,68.5,119
773,"Black (18-hole) (W)",4876,66,60.9,100
773,"Black (18-hole)",4876,66,59.9,98
774,"White",5717,69,69.7,118
774,"Yellow",5412,69,68,117
774,"Red (W)",5321,72,72.3,125
775,"Blue",5662,68,0,0
775,"White",5564,68,67.3,116
775,"Yellow",5447,68,65.7,112
775,"Red (W)",5231,68,68.1,120
776,"White",6202,70,70,128
776,"Yellow",6001,70,69.2,125
776,"Red (W)",5517,72,72.5,123
777,"White",5892,69,68.7,129
777,"Yellow",5650,69,67.4,127
777,"Red (W)",5205,71,70.9,123
778,"White",5426,68,0,0
778,"Yellow",5115,68,0,0
778,"Red (W)",4863,69,0,0
779,"White",5984,69,0,0
779,"Yellow",5813,69,0,0
779,"Red (W)",5572,73,0,0
780,"White",6262,71,0,0
780,"Yellow",6046,71,0,0
780,"Red",5536,72,0,0
780,"Blue",4576,81,0,0
781,"White",6045,69,0,0
781,"Yellow",5790,68,0,0
781,"Blue",5592,68,0,0
781,"Red",5420,72,0,0
782,"White/Medal",5962,69,0,0
782,"Yellow",5761,69,0,0
782,"Blue/Junior",5689,69,0,0
782,"Red (W)",5446,72,0,0
783,"White",6476,72,71.5,123
783,"Yellow",6062,72,69.8,119
783,"Red (W)",5396,71,0,0
784,"White",6297,70,0,0
784,"Yellow",6048,70,0,0
784,"Red (W)",5667,75,0,0
785,"White",6224,70,70.4,124
785,"Yellow",5955,70,69.2,121
785,"Red (W)",5394,72,72.3,124
785,"Red",5394,68,66.6,115
785,"Blue",2781,70,60,113
786,"White",6087,72,0,0
786,"Yellow",5804,72,0,0
786,"Red",5456,72,0,0
786,"Blue",4870,72,0,0
787,"Red",975,27,0,0
788,"White",6344,72,71,132
788,"Yellow",6104,72,69.4,131
788,"Blue",5617,74,0,0
788,"Red (W)",5541,74,72.8,131
789,"White",5790,70,0,0
789,"Yellow",5337,70,0,0
789,"Red (W)",5134,71,0,0
790,"Medal",6444,72,71.7,127
790,"Yellow",5972,71,69.5,123
790,"Red (W)",5460,72,74.6,125
791,"Blue",5886,71,0,0
791,"Yellow",5442,69,0,0
791,"White",5250,71,0,0
792,"White",4929,65,0,0
792,"Yellow",4728,65,0,0
792,"Red (W)",4598,69,0,0
793,"White",5871,68,0,0
793,"Yellow",5589,68,0,0
793,"Red (W)",5484,72,0,0
794,"White",6189,70,70.6,128
794,"White (W)",6189,74,76.3,139
794,"Yellow",5944,70,69.9,125
794,"Yellow (W)",5944,74,74.8,136
794,"Red",5656,70,68.5,121
794,"Red (W)",5656,74,73.3,133
796,"White (18-hole)",6226,72,0,0
796,"Yellow (18-hole)",6102,72,0,0
796,"Red (18-hole) (W)",5430,72,0,0
797,"White",6164,70,0,0
797,"Yellow",5957,70,0,0
797,"Red (W)",5580,71,0,0
798,"White",3169,35,0,0
798,"Yellow",2914,35,0,0
799,"White",6135,72,71,134
799,"Yellow",5539,70,67.8,129
799,"Red (W)",4997,72,70.3,124
800,"White",6148,72,70,127
800,"Yellow",5916,71,68.9,124
800,"Red (W)",5518,72,72.9,125
801,"White",6213,71,70.1,124
801,"Yellow",5818,69,68.3,120
801,"Red (W)",5250,72,71,122
802,"White",6172,70,0,0
802,"Yellow",5745,70,0,0
802,"Red",5462,72,0,0
803,"Medal (18-hole)",4604,66,62.2,101
803,"Box (18-hole)",4114,64,60,98
803,"LGU (18-hole)",3834,64,61,96
804,"White (18-hole)",4928,66,64.4,111
804,"White I (18-hole)",4807,70,0,0
804,"Red (18-hole)",4766,68,68,121
805,"White (W)",6466,74,77.8,132
805,"White",6466,71,72,126
805,"Yelllow",6132,71,70.5,124
805,"Yellow (W)",6132,73,75.9,128
805,"Red (W)",5499,71,72.4,121
805,"Blue",5499,69,67.6,118
806,"White",6195,71,70,118
806,"Yellow",5942,71,68.8,116
806,"Red",5820,71,68.1,115
806,"Red (W)",5820,74,73.7,126
807,"White",6133,70,0,0
807,"Red (W)",5253,71,0,0
808,"White",5472,67,65.6,111
808,"Red",5201,70,64.3,108
808,"Red (W)",5201,70,69.5,118
808,"Yellow",5141,67,64,108
809,"White (18-hole)",4780,66,63.4,107
809,"Yellow (18-hole)",4464,66,62.2,104
809,"Red (18-hole) (W)",4298,66,65.2,110
810,"White (18-hole)",5034,64,64.8,114
810,"Yellow (18-hole)",4428,64,62,108
810,"Red (18-hole)",4422,64,62,108
810,"Red (18-hole) (W)",4422,64,64.8,111
811,"White",5858,71,68.2,115
811,"Yellow",5508,70,66.6,113
811,"Red (W)",5218,72,71.4,122
811,"Red",5218,72,65,109
812,"Red",6531,71,72,120
812,"White",6158,70,70.2,120
812,"Yellow",5704,68,67.8,117
812,"Yellow (W)",5704,73,73.5,128
813,"Blue",6566,72,71.9,128
813,"Blue (W)",6519,72,77.9,141
813,"White",6273,72,70.7,125
813,"White (W)",6271,72,76.5,138
813,"Red",5782,72,68.7,122
813,"Red (W)",5782,72,73.9,132
813,"Green",5691,72,68,120
813,"Green (W)",5651,72,72.9,130
814,"White",5781,70,68.6,121
814,"White (W)",5781,73,74,133
814,"Yellow",5536,69,67.4,118
814,"Yellow (W)",5536,73,72.5,129
814,"Red (W)",5367,73,71.7,127
814,"Red",5367,68,66.4,116
815,"White",4623,63,62.3,97
815,"White (W)",4623,66,66.5,104
815,"Yellow",4404,62,61.3,93
815,"Yellow (W)",4404,65,65.2,100
815,"Red (W)",4259,64,64.4,98
815,"Red",4259,62,60.6,91
815,"Blue",3501,61,57.5,82
815,"Blue (W)",3501,62,60.6,89
816,"White",6342,71,70.8,124
816,"White (W)",6342,73,76.9,134
816,"Yellow",6108,71,69.7,121
816,"Yellow (W)",6108,73,75.6,130
816,"Yellow I",6035,70,69.4,120
816,"Red (W)",5302,73,71.1,121
816,"Red",5302,69,66,114
817,"Back",1250,27,0,0
818,"Medal (18-hole)",5114,69,0,0
818,"Red (18-hole) (W)",4959,70,0,0
819,"Black",6832,71,74.6,138
819,"White",6426,71,72.7,134
819,"Blue",6125,71,71.4,131
819,"Blue (W)",6125,75,77.3,144
819,"Green",5633,71,69.2,127
819,"Green (W)",5633,75,74.6,139
819,"Silver",5199,71,67.1,123
819,"Silver (W)",5199,75,72.1,133
823,"Yellow",1130,27,0,0
824,"Gents",2327,32,31.7,104
824,"Ladies",2327,32,33.4,109
825,"Blue (W)",7007,73,80.4,145
825,"Blue",7007,72,73.9,136
825,"White",6866,72,73.5,135
825,"White (W)",6866,73,80,144
825,"Yellow",6408,71,71.2,130
825,"Yellow (W)",6408,71,77.2,139
825,"Red",5986,69,69,125
825,"Red (W)",5986,73,74.7,130
826,"Blue (18-hole)",6016,70,70.4,129
826,"White (18-hole)",5660,70,68.6,125
826,"Yellow (18-hole)",5398,70,67.5,123
826,"Red (18-hole) (W)",5248,74,71.9,127
826,"Black (18-hole) (W)",4896,74,70,120
827,"White (18-hole)",4987,66,64.8,113
827,"Yellow (18-hole)",4788,66,64,112
827,"Ladies Medal (18-hole)",4548,66,67.2,112
828,"White",1418,27,0,0
829,"White",6370,71,0,0
829,"Yellow",6043,71,0,0
829,"Red (W)",5738,74,0,0
830,"White (W)",6381,75,76.7,137
830,"White",6381,71,70.7,128
830,"Yellow (W)",6099,75,75.1,134
830,"Yellow",6086,71,69.5,125
830,"Red",5591,69,67.1,120
830,"Red (W)",5591,73,72.5,127
830,"Blue",3151,74,57.5,98
830,"Blue (W)",3151,74,58.9,102
831,"White",6417,73,72.3,136
831,"Yellow",6212,73,71.5,133
831,"Red",5584,73,68.6,126
831,"Red (W)",5584,73,74.3,131
831,"Blue",3036,59,58.3,94
831,"Blue (W)",3036,59,59.7,99
832,"Black",6394,70,71.1,124
832,"White",6275,70,70.5,122
832,"Yellow",5942,70,69.1,121
832,"Yellow (W)",5942,74,74.4,134
832,"Red (W)",5704,74,73.3,130
832,"Red",5704,70,67.7,119
833,"White",6495,71,71.8,128
833,"Yellow",6257,71,70.7,126
833,"Yellow (W)",6257,74,76.8,137
833,"Red (W)",5622,74,73.3,129
833,"Red",5622,68,67.8,120
834,"White",6194,71,71.1,128
834,"White (W)",6194,73,76.5,132
834,"Yellow",5900,71,69.6,126
834,"Yellow (W)",5900,73,74.9,129
834,"Red (W)",5310,70,71.8,126
834,"Red",5310,68,66.8,121
836,"White",5712,68,68.6,123
836,"Yellow",5567,67,67.3,121
836,"Red (W)",4344,68,66,111
837,"White",6818,72,72.3,129
837,"Yellow",6406,71,70.5,127
837,"Red (W)",5969,74,74,131
837,"Red",5969,70,68.5,122
838,"White",5001,67,0,0
838,"Yellow",4617,65,0,0
838,"Red (W)",4124,68,0,0
839,"Blue",6404,70,71.9,130
839,"White",6109,70,70.5,127
839,"White (W)",6109,73,75.9,140
839,"Yellow",5645,70,68.5,124
839,"Yellow (W)",5645,73,73.2,135
839,"Red",4302,70,63.2,114
839,"Red (W)",4302,73,65.6,119
840,"White",6030,72,69,118
840,"Yellow",5688,71,67.3,114
840,"Red (W)",5297,73,70.8,119
841,"White",2681,34,32.7,113
841,"Yellow",2529,33,32,110
841,"Red (W)",2442,35,34,115
841,"Blue",2442,33,31.6,108
842,"White (18-hole)",5560,68,0,0
842,"Yellow (18-hole)",5331,68,0,0
842,"Red (18-hole) (W)",4870,69,0,0
843,"White",6131,70,0,0
843,"Yellow",5728,68,0,0
843,"Red (W)",5371,71,0,0
844,"White (18-hole)",5026,68,0,0
844,"Yellow (18-hole)",4847,68,0,0
844,"Red (18-hole) (W)",4374,68,0,0
845,"White",6135,72,73.8,144
845,"Yellow",5935,72,72.6,137
845,"Blue (W)",5441,72,75.8,144
845,"Red (W)",5285,72,74.3,143
846,"Back",869,27,0,0
847,"White/Airngarth",6243,71,71.2,126
847,"Yellow/Airngarth",5938,71,69.7,123
847,"Red/Airngarth",5371,73,71.8,125
847,"Yellow/Kinglass",4347,64,62.7,107
847,"Red/Kinglass",4257,63,71.8,125
848,"Back",803,27,0,0
849,"White",6001,71,70,131
849,"Yellow",5659,71,68.4,128
849,"Blue",5202,69,67,120
849,"Red",5179,72,0,0
850,"White (W)",6054,73,74.8,130
850,"White",6054,71,69.6,123
850,"Yellow",5755,70,68.5,121
850,"Yellow (W)",5755,73,73,127
850,"Red",5257,68,65.9,115
850,"Red (W)",5257,70,70.7,121
851,"White",5806,69,68.7,125
851,"Yelllow",5546,68,67.5,120
851,"Red (W)",5040,70,69.4,120
851,"Blue",4595,70,0,0
852,"White",6104,70,69.6,123
852,"Yellow",5829,70,68.3,123
852,"Red (W)",5414,72,71.9,127